charger_location,car_vin,start_datetime,end_datetime,charging_type,energy
8GC37QPP+AA,YV1902MD6F1792135,2022-10-20 05:13:04,2022-10-20 06:30:04,ac,34.9
8GC37QPP+AB,19UUA65584A430768,2022-11-17 01:34:05,2022-11-17 02:42:05,ac,39.8
8GC37QPP+AC,JTEBU5JR6E5522614,2022-10-17 07:45:31,2022-10-17 09:09:31,ac,72.4
8GC37QPP+AD,1HGCR2E33FA913616,2022-11-24 12:10:16,2022-11-24 12:40:16,dc,77.7
8GC37QPP+AE,5N1AA0NCXDN829652,2022-11-21 08:43:45,2022-11-21 09:49:45,dc,87.0
8GC37QPP+AF,JTEBU5JR8C5334299,2022-11-29 12:15:24,2022-11-29 13:46:24,ac,91.1
8GC37QPP+AG,WBAYA8C56ED487482,2022-12-02 15:02:54,2022-12-02 16:31:54,dc,17.0
8GC37QPP+AH,3MZBM1K75EM228770,2022-11-14 21:37:06,2022-11-14 22:45:06,dc,37.2
8GC37QPP+AI,2G4WE567451192284,2022-11-15 18:59:20,2022-11-15 20:06:20,ac,75.7
8GC37QPP+AJ,3C4PDDDG9DT931848,2022-10-06 10:48:58,,dc,25.9
8GC36PWP+AA,YV1902MD6F1792135,2022-10-26 09:56:24,2022-10-26 11:31:24,dc,88.8
8GC36PWP+AB,19UUA65584A430768,2022-10-23 20:53:03,2022-10-23 22:49:03,dc,29.8
8GC36PWP+AC,JTEBU5JR6E5522614,2022-10-12 17:52:50,2022-10-12 19:29:50,dc,41.1
8GC36PWP+AD,1HGCR2E33FA913616,2022-11-07 15:57:13,2022-11-07 17:35:13,dc,17.6
8GC36PWP+AE,5N1AA0NCXDN829652,2022-10-17 09:15:05,2022-10-17 11:06:05,ac,97.3
8GC36PWP+AF,JTEBU5JR8C5334299,2022-12-08 04:03:52,,ac,39.7
8GC36PWP+AG,WBAYA8C56ED487482,2022-10-22 20:59:51,2022-10-22 22:08:51,ac,25.6
8GC36PWP+AH,3MZBM1K75EM228770,2022-11-12 07:24:53,2022-11-12 08:30:53,dc,5.6
8GC36PWP+AI,2G4WE567451192284,2022-11-27 22:06:06,2022-11-27 22:45:06,dc,38.1
8GC36PWP+AJ,3C4PDDDG9DT931848,2022-12-14 16:06:43,2022-12-14 17:09:43,ac,23.2
8GC36P4G+AA,YV1902MD6F1792135,2022-10-24 01:46:28,2022-10-24 03:04:28,ac,44.2
8GC36P4G+AB,19UUA65584A430768,2022-12-24 19:47:26,2022-12-24 21:15:26,dc,14.8
8GC36P4G+AC,JTEBU5JR6E5522614,2022-12-10 18:59:11,2022-12-10 20:12:11,dc,43.1
8GC36P4G+AD,1HGCR2E33FA913616,2022-10-06 21:33:50,2022-10-06 22:29:50,dc,92.1
8GC36P4G+AE,5N1AA0NCXDN829652,2022-11-01 15:52:42,2022-11-01 17:28:42,dc,76.4
8GC36P4G+AF,JTEBU5JR8C5334299,2022-12-18 05:18:00,2022-12-18 06:55:00,dc,46.3
8GC36P4G+AG,WBAYA8C56ED487482,2022-11-11 05:38:16,,ac,72.8
8GC36P4G+AH,3MZBM1K75EM228770,2022-10-27 18:32:02,2022-10-27 19:19:02,dc,71.5
8GC36P4G+AI,2G4WE567451192284,2022-11-17 17:12:31,2022-11-17 18:26:31,dc,17.6
8GC36P4G+AJ,3C4PDDDG9DT931848,2022-11-15 15:05:50,,ac,19.0
8GC32Q3R+AA,YV1902MD6F1792135,2022-11-16 02:31:27,2022-11-16 03:47:27,ac,8.8
8GC32Q3R+AB,19UUA65584A430768,2022-12-19 14:55:14,2022-12-19 15:57:14,dc,77.6
8GC32Q3R+AC,JTEBU5JR6E5522614,2022-12-05 18:13:44,2022-12-05 19:28:44,ac,57.7
8GC32Q3R+AD,1HGCR2E33FA913616,2022-11-02 08:14:20,2022-11-02 09:53:20,ac,15.9
8GC32Q3R+AE,5N1AA0NCXDN829652,2022-12-17 20:23:18,2022-12-17 20:55:18,ac,99.9
8GC32Q3R+AF,JTEBU5JR8C5334299,2022-12-08 06:10:39,2022-12-08 06:57:39,dc,88.7
8GC32Q3R+AG,WBAYA8C56ED487482,2022-10-05 02:05:58,2022-10-05 02:46:58,dc,37.1
8GC32Q3R+AH,3MZBM1K75EM228770,2022-11-02 16:35:52,2022-11-02 17:18:52,dc,12.5
8GC32Q3R+AI,2G4WE567451192284,2022-10-09 11:28:13,2022-10-09 12:42:13,ac,36.8
8GC32Q3R+AJ,3C4PDDDG9DT931848,2022-11-11 12:37:37,2022-11-11 14:13:37,dc,49.6
8GC42GFM+AA,YV1902MD6F1792135,2022-12-12 15:32:08,2022-12-12 17:20:08,dc,98.4
8GC42GFM+AB,19UUA65584A430768,2022-11-29 13:28:41,2022-11-29 14:38:41,dc,33.4
8GC42GFM+AC,JTEBU5JR6E5522614,2022-12-19 10:26:57,2022-12-19 11:42:57,dc,46.9
8GC42GFM+AD,1HGCR2E33FA913616,2022-11-23 21:55:07,2022-11-23 23:52:07,ac,30.3
8GC42GFM+AE,5N1AA0NCXDN829652,2022-11-26 12:00:43,2022-11-26 13:06:43,ac,99.8
8GC42GFM+AF,JTEBU5JR8C5334299,2022-10-13 00:25:21,2022-10-13 02:25:21,dc,82.0
8GC42GFM+AG,WBAYA8C56ED487482,2022-11-16 19:05:49,2022-11-16 19:45:49,ac,94.5
8GC42GFM+AH,3MZBM1K75EM228770,2022-10-25 13:40:32,2022-10-25 14:53:32,dc,7.5
8GC42GFM+AI,2G4WE567451192284,2022-10-22 13:59:48,,ac,77.9
8GC42GFM+AJ,3C4PDDDG9DT931848,2022-11-17 11:53:44,2022-11-17 12:36:44,dc,10.5
8G93QM2G+AA,YV1902MD6F1792135,2022-11-14 21:12:35,2022-11-14 22:46:35,dc,35.9
8G93QM2G+AB,19UUA65584A430768,2022-12-22 20:40:49,2022-12-22 21:19:49,dc,35.4
8G93QM2G+AC,JTEBU5JR6E5522614,2022-10-14 07:07:22,2022-10-14 08:19:22,dc,99.1
8G93QM2G+AD,1HGCR2E33FA913616,2022-11-03 02:53:22,2022-11-03 03:33:22,dc,9.1
8G93QM2G+AE,5N1AA0NCXDN829652,2022-10-06 08:47:28,2022-10-06 10:36:28,ac,89.7
8G93QM2G+AF,JTEBU5JR8C5334299,2022-10-13 02:56:17,2022-10-13 03:36:17,ac,90.9
8G93QM2G+AG,WBAYA8C56ED487482,2022-10-16 06:19:13,2022-10-16 08:02:13,ac,83.5
8G93QM2G+AH,3MZBM1K75EM228770,2022-12-13 19:41:40,2022-12-13 21:25:40,ac,23.6
8G93QM2G+AI,2G4WE567451192284,2022-12-22 18:04:23,2022-12-22 19:19:23,ac,17.7
8G93QM2G+AJ,3C4PDDDG9DT931848,2022-11-03 02:20:46,2022-11-03 03:13:46,ac,84.5
8G94PC3H+AA,YV1902MD6F1792135,2022-11-24 11:47:14,2022-11-24 13:35:14,ac,9.0
8G94PC3H+AB,19UUA65584A430768,2022-12-13 18:44:47,2022-12-13 20:07:47,dc,60.0
8G94PC3H+AC,JTEBU5JR6E5522614,2022-10-01 07:00:32,2022-10-01 08:09:32,dc,52.8
8G94PC3H+AD,1HGCR2E33FA913616,2022-12-09 07:18:02,2022-12-09 08:46:02,ac,76.2
8G94PC3H+AE,5N1AA0NCXDN829652,2022-10-15 01:39:16,2022-10-15 03:13:16,dc,7.7
8G94PC3H+AF,JTEBU5JR8C5334299,2022-10-13 14:54:14,2022-10-13 16:20:14,ac,74.5
8G94PC3H+AG,WBAYA8C56ED487482,2022-11-19 08:07:57,2022-11-19 08:44:57,dc,17.8
8G94PC3H+AH,3MZBM1K75EM228770,2022-11-09 23:07:36,2022-11-10 00:18:36,ac,75.6
8G94PC3H+AI,2G4WE567451192284,2022-11-17 17:28:33,2022-11-17 19:28:33,ac,14.7
8G94PC3H+AJ,3C4PDDDG9DT931848,2022-11-08 20:59:14,2022-11-08 21:47:14,ac,6.1
8G94H2XQ+AA,YV1902MD6F1792135,2022-11-11 17:10:58,,dc,42.2
8G94H2XQ+AB,19UUA65584A430768,2022-10-26 02:29:23,2022-10-26 03:29:23,ac,48.3
8G94H2XQ+AC,JTEBU5JR6E5522614,2022-11-03 00:06:32,2022-11-03 01:11:32,dc,37.8
8G94H2XQ+AD,1HGCR2E33FA913616,2022-11-19 07:43:31,2022-11-19 08:49:31,dc,45.0
8G94H2XQ+AE,5N1AA0NCXDN829652,2022-10-09 02:57:21,2022-10-09 03:46:21,dc,63.0
8G94H2XQ+AF,JTEBU5JR8C5334299,2022-10-26 20:53:28,2022-10-26 21:33:28,dc,35.8
8G94H2XQ+AG,WBAYA8C56ED487482,2022-12-23 02:16:01,2022-12-23 03:28:01,ac,59.7
8G94H2XQ+AH,3MZBM1K75EM228770,2022-11-29 05:22:24,2022-11-29 06:31:24,ac,73.6
8G94H2XQ+AI,2G4WE567451192284,2022-11-30 18:31:14,2022-11-30 20:16:14,ac,32.9
8G94H2XQ+AJ,3C4PDDDG9DT931848,2022-11-11 19:26:22,2022-11-11 20:24:22,ac,58.0
8G95Q246+AA,YV1902MD6F1792135,2022-10-21 21:28:04,2022-10-21 22:37:04,dc,6.9
8G95Q246+AB,19UUA65584A430768,2022-11-25 05:35:18,2022-11-25 06:22:18,dc,64.4
8G95Q246+AC,JTEBU5JR6E5522614,2022-12-24 13:52:23,2022-12-24 15:51:23,dc,21.2
8G95Q246+AD,1HGCR2E33FA913616,2022-12-13 07:13:07,2022-12-13 09:06:07,dc,14.4
8G95Q246+AE,5N1AA0NCXDN829652,2022-11-01 17:43:53,2022-11-01 18:41:53,ac,98.3
8G95Q246+AF,JTEBU5JR8C5334299,2022-12-09 17:48:00,2022-12-09 18:56:00,ac,85.9
8G95Q246+AG,WBAYA8C56ED487482,2022-12-23 11:19:04,2022-12-23 12:04:04,dc,95.7
8G95Q246+AH,3MZBM1K75EM228770,2022-10-17 15:26:32,2022-10-17 16:23:32,ac,60.4
8G95Q246+AI,2G4WE567451192284,2022-12-03 05:25:46,2022-12-03 06:56:46,ac,15.7
8G95Q246+AJ,3C4PDDDG9DT931848,2022-12-01 06:02:37,2022-12-01 07:03:37,dc,68.7
8GC37QPP+AA,YV1902MD6F1792135,2022-12-12 04:15:23,2022-12-12 06:10:23,dc,40.2
8GC37QPP+AB,19UUA65584A430768,2022-11-23 12:48:04,2022-11-23 14:18:04,dc,56.5
8GC37QPP+AC,JTEBU5JR6E5522614,2022-12-19 12:37:25,2022-12-19 14:25:25,dc,77.2
8GC37QPP+AD,1HGCR2E33FA913616,2022-11-12 15:23:18,2022-11-12 16:21:18,dc,6.5
8GC37QPP+AE,5N1AA0NCXDN829652,2022-11-16 01:26:02,2022-11-16 03:16:02,dc,20.2
8GC37QPP+AF,JTEBU5JR8C5334299,2022-10-05 02:46:55,2022-10-05 03:55:55,ac,40.4
8GC37QPP+AG,WBAYA8C56ED487482,2022-10-30 13:07:26,2022-10-30 14:56:26,dc,32.9
8GC37QPP+AH,3MZBM1K75EM228770,2022-11-03 06:10:45,2022-11-03 07:20:45,dc,36.8
8GC37QPP+AI,2G4WE567451192284,2022-10-25 21:47:50,2022-10-25 22:48:50,dc,66.2
8GC37QPP+AJ,3C4PDDDG9DT931848,2022-11-24 06:14:13,2022-11-24 07:15:13,dc,48.9
8GC36PWP+AA,YV1902MD6F1792135,2022-11-20 20:29:26,2022-11-20 21:10:26,ac,54.6
8GC36PWP+AB,19UUA65584A430768,2022-10-17 14:09:16,2022-10-17 15:05:16,ac,89.7
8GC36PWP+AC,JTEBU5JR6E5522614,2022-12-18 14:58:50,2022-12-18 15:45:50,ac,16.8
8GC36PWP+AD,1HGCR2E33FA913616,2022-10-23 10:40:38,2022-10-23 11:45:38,ac,67.7
8GC36PWP+AE,5N1AA0NCXDN829652,2022-12-24 22:10:04,2022-12-24 23:12:04,dc,13.7
8GC36PWP+AF,JTEBU5JR8C5334299,2022-10-20 08:37:12,2022-10-20 10:33:12,dc,8.0
8GC36PWP+AG,WBAYA8C56ED487482,2022-10-14 12:05:21,2022-10-14 13:03:21,ac,83.4
8GC36PWP+AH,3MZBM1K75EM228770,2022-12-02 11:32:26,2022-12-02 12:57:26,ac,86.4
8GC36PWP+AI,2G4WE567451192284,2022-11-08 17:13:48,2022-11-08 18:07:48,ac,38.0
8GC36PWP+AJ,3C4PDDDG9DT931848,2022-11-08 19:17:45,2022-11-08 20:06:45,dc,47.9
8GC36P4G+AA,YV1902MD6F1792135,2022-10-08 16:16:35,2022-10-08 16:50:35,ac,61.3
8GC36P4G+AB,19UUA65584A430768,2022-11-14 02:49:04,2022-11-14 04:03:04,dc,38.6
8GC36P4G+AC,JTEBU5JR6E5522614,2022-12-18 00:33:28,2022-12-18 02:31:28,ac,37.3
8GC36P4G+AD,1HGCR2E33FA913616,2022-11-02 00:06:36,2022-11-02 00:40:36,dc,65.4
8GC36P4G+AE,5N1AA0NCXDN829652,2022-11-29 23:31:59,2022-11-30 01:18:59,ac,7.7
8GC36P4G+AF,JTEBU5JR8C5334299,2022-11-15 12:39:41,2022-11-15 13:27:41,dc,70.6
8GC36P4G+AG,WBAYA8C56ED487482,2022-10-01 18:08:19,2022-10-01 19:33:19,dc,13.5
8GC36P4G+AH,3MZBM1K75EM228770,2022-11-13 02:06:34,2022-11-13 03:26:34,dc,87.8
8GC36P4G+AI,2G4WE567451192284,2022-12-01 13:37:17,2022-12-01 15:33:17,ac,5.4
8GC36P4G+AJ,3C4PDDDG9DT931848,2022-10-26 03:00:23,2022-10-26 04:42:23,ac,83.8
8GC32Q3R+AA,YV1902MD6F1792135,2022-12-27 23:11:37,2022-12-28 00:56:37,dc,96.5
8GC32Q3R+AB,19UUA65584A430768,2022-10-20 08:19:23,2022-10-20 10:03:23,dc,88.3
8GC32Q3R+AC,JTEBU5JR6E5522614,2022-12-21 17:09:30,2022-12-21 18:08:30,dc,29.7
8GC32Q3R+AD,1HGCR2E33FA913616,2022-12-13 20:34:23,2022-12-13 21:31:23,dc,48.9
8GC32Q3R+AE,5N1AA0NCXDN829652,2022-10-10 02:51:07,2022-10-10 04:02:07,ac,87.7
8GC32Q3R+AF,JTEBU5JR8C5334299,2022-12-16 03:08:15,2022-12-16 05:03:15,dc,88.0
8GC32Q3R+AG,WBAYA8C56ED487482,2022-12-20 09:50:07,2022-12-20 11:37:07,dc,67.7
8GC32Q3R+AH,3MZBM1K75EM228770,2022-12-09 23:42:46,2022-12-10 01:22:46,ac,46.1
8GC32Q3R+AI,2G4WE567451192284,2022-12-04 22:21:06,2022-12-05 00:10:06,ac,43.4
8GC32Q3R+AJ,3C4PDDDG9DT931848,2022-12-12 02:36:23,2022-12-12 03:07:23,ac,97.6
8GC42GFM+AA,YV1902MD6F1792135,2022-11-16 12:58:33,2022-11-16 14:07:33,ac,9.5
8GC42GFM+AB,19UUA65584A430768,2022-10-19 01:38:33,2022-10-19 02:31:33,ac,73.6
8GC42GFM+AC,JTEBU5JR6E5522614,2022-11-30 05:17:05,2022-11-30 06:23:05,ac,40.6
8GC42GFM+AD,1HGCR2E33FA913616,2022-10-26 22:52:35,2022-10-26 23:28:35,ac,80.0
8GC42GFM+AE,5N1AA0NCXDN829652,2022-11-07 11:36:54,2022-11-07 13:22:54,dc,24.7
8GC42GFM+AF,JTEBU5JR8C5334299,2022-10-26 01:21:58,2022-10-26 01:52:58,dc,23.5
8GC42GFM+AG,WBAYA8C56ED487482,2022-11-03 18:44:12,,ac,66.2
8GC42GFM+AH,3MZBM1K75EM228770,2022-11-16 01:11:08,2022-11-16 03:05:08,ac,43.8
8GC42GFM+AI,2G4WE567451192284,2022-11-27 13:25:21,2022-11-27 14:45:21,ac,22.2
8GC42GFM+AJ,3C4PDDDG9DT931848,2022-12-04 10:22:22,2022-12-04 11:43:22,ac,29.1
8G93QM2G+AA,YV1902MD6F1792135,2022-11-04 00:55:33,2022-11-04 02:41:33,dc,60.2
8G93QM2G+AB,19UUA65584A430768,2022-12-08 02:57:51,2022-12-08 04:49:51,dc,8.1
8G93QM2G+AC,JTEBU5JR6E5522614,2022-10-28 05:01:35,2022-10-28 06:09:35,ac,60.8
8G93QM2G+AD,1HGCR2E33FA913616,2022-12-13 03:21:23,2022-12-13 04:12:23,dc,68.0
8G93QM2G+AE,5N1AA0NCXDN829652,2022-10-20 11:45:51,2022-10-20 12:26:51,ac,26.3
8G93QM2G+AF,JTEBU5JR8C5334299,2022-10-12 09:10:19,2022-10-12 10:07:19,ac,66.7
8G93QM2G+AG,WBAYA8C56ED487482,2022-11-11 17:53:21,2022-11-11 19:25:21,dc,84.8
8G93QM2G+AH,3MZBM1K75EM228770,2022-10-19 10:30:12,2022-10-19 12:25:12,ac,29.7
8G93QM2G+AI,2G4WE567451192284,2022-10-03 12:30:51,2022-10-03 14:29:51,dc,49.2
8G93QM2G+AJ,3C4PDDDG9DT931848,2022-11-05 02:32:07,2022-11-05 03:25:07,ac,57.1
8G94PC3H+AA,YV1902MD6F1792135,2022-12-20 21:29:22,2022-12-20 22:26:22,dc,67.2
8G94PC3H+AB,19UUA65584A430768,2022-11-22 13:51:50,2022-11-22 15:00:50,ac,70.4
8G94PC3H+AC,JTEBU5JR6E5522614,2022-10-25 03:39:09,2022-10-25 04:21:09,dc,16.8
8G94PC3H+AD,1HGCR2E33FA913616,2022-12-26 11:01:52,2022-12-26 12:33:52,dc,58.4
8G94PC3H+AE,5N1AA0NCXDN829652,2022-11-01 22:53:52,2022-11-01 23:39:52,ac,61.8
8G94PC3H+AF,JTEBU5JR8C5334299,2022-10-26 02:42:58,,dc,78.4
8G94PC3H+AG,WBAYA8C56ED487482,2022-11-17 22:55:28,2022-11-17 23:59:28,dc,70.7
8G94PC3H+AH,3MZBM1K75EM228770,2022-11-29 01:14:44,2022-11-29 01:56:44,ac,76.7
8G94PC3H+AI,2G4WE567451192284,2022-12-22 05:02:49,2022-12-22 06:38:49,ac,45.7
8G94PC3H+AJ,3C4PDDDG9DT931848,2022-10-30 13:28:33,2022-10-30 14:20:33,dc,36.3
8G94H2XQ+AA,YV1902MD6F1792135,2022-10-24 09:22:26,2022-10-24 11:08:26,ac,72.7
8G94H2XQ+AB,19UUA65584A430768,2022-10-07 17:31:32,2022-10-07 18:48:32,dc,65.7
8G94H2XQ+AC,JTEBU5JR6E5522614,2022-10-13 17:43:23,2022-10-13 18:20:23,ac,84.4
8G94H2XQ+AD,1HGCR2E33FA913616,2022-10-19 18:12:13,2022-10-19 19:19:13,dc,60.9
8G94H2XQ+AE,5N1AA0NCXDN829652,2022-12-03 16:52:09,2022-12-03 18:05:09,ac,95.8
8G94H2XQ+AF,JTEBU5JR8C5334299,2022-10-19 15:43:49,2022-10-19 17:03:49,dc,60.8
8G94H2XQ+AG,WBAYA8C56ED487482,2022-11-27 02:06:24,2022-11-27 02:50:24,dc,87.9
8G94H2XQ+AH,3MZBM1K75EM228770,2022-11-08 03:18:05,2022-11-08 04:03:05,dc,68.8
8G94H2XQ+AI,2G4WE567451192284,2022-11-08 18:44:01,,ac,45.4
8G94H2XQ+AJ,3C4PDDDG9DT931848,2022-12-10 00:32:40,2022-12-10 01:16:40,dc,33.1
8G95Q246+AA,YV1902MD6F1792135,2022-11-08 20:27:17,2022-11-08 21:00:17,dc,49.7
8G95Q246+AB,19UUA65584A430768,2022-11-07 09:29:34,2022-11-07 10:35:34,ac,36.3
8G95Q246+AC,JTEBU5JR6E5522614,2022-11-30 02:04:26,2022-11-30 03:31:26,ac,13.0
8G95Q246+AD,1HGCR2E33FA913616,2022-12-02 00:40:05,2022-12-02 01:41:05,dc,12.5
8G95Q246+AE,5N1AA0NCXDN829652,2022-11-21 23:55:11,2022-11-22 01:25:11,ac,36.5
8G95Q246+AF,JTEBU5JR8C5334299,2022-11-24 01:50:42,2022-11-24 03:43:42,dc,40.9
8G95Q246+AG,WBAYA8C56ED487482,2022-11-12 02:59:50,2022-11-12 04:48:50,dc,54.1
8G95Q246+AH,3MZBM1K75EM228770,2022-10-30 09:55:48,2022-10-30 11:13:48,dc,88.9
8G95Q246+AI,2G4WE567451192284,2022-12-18 23:19:43,2022-12-19 00:48:43,ac,70.1
8G95Q246+AJ,3C4PDDDG9DT931848,2022-12-26 00:54:39,2022-12-26 02:09:39,ac,30.7
8GC37QPP+AA,YV1902MD6F1792135,2022-10-14 05:07:43,2022-10-14 06:03:43,ac,57.8
8GC37QPP+AB,19UUA65584A430768,2022-10-11 16:51:53,2022-10-11 18:06:53,dc,46.5
8GC37QPP+AC,JTEBU5JR6E5522614,2022-11-16 12:27:13,2022-11-16 14:01:13,ac,44.9
8GC37QPP+AD,1HGCR2E33FA913616,2022-11-11 17:51:01,,dc,80.5
8GC37QPP+AE,5N1AA0NCXDN829652,2022-11-22 14:20:42,2022-11-22 16:05:42,dc,57.3
8GC37QPP+AF,JTEBU5JR8C5334299,2022-11-03 14:44:32,2022-11-03 15:30:32,dc,44.4
8GC37QPP+AG,WBAYA8C56ED487482,2022-12-20 10:27:27,2022-12-20 11:40:27,ac,90.1
8GC37QPP+AH,3MZBM1K75EM228770,2022-10-29 18:46:44,2022-10-29 20:06:44,dc,90.2
8GC37QPP+AI,2G4WE567451192284,2022-10-05 05:50:18,2022-10-05 07:35:18,dc,89.7
8GC37QPP+AJ,3C4PDDDG9DT931848,2022-11-11 03:35:16,2022-11-11 04:10:16,dc,74.2
8GC36PWP+AA,YV1902MD6F1792135,2022-11-20 01:39:52,2022-11-20 02:32:52,ac,32.1
8GC36PWP+AB,19UUA65584A430768,2022-11-28 10:22:47,2022-11-28 11:07:47,dc,5.4
8GC36PWP+AC,JTEBU5JR6E5522614,2022-10-16 23:19:45,2022-10-17 00:59:45,ac,71.5
8GC36PWP+AD,1HGCR2E33FA913616,2022-12-09 04:44:09,2022-12-09 05:31:09,ac,84.7
8GC36PWP+AE,5N1AA0NCXDN829652,2022-12-20 14:16:40,2022-12-20 15:29:40,dc,20.8
8GC36PWP+AF,JTEBU5JR8C5334299,2022-11-18 10:10:23,2022-11-18 11:34:23,ac,34.9
8GC36PWP+AG,WBAYA8C56ED487482,2022-11-18 06:35:23,2022-11-18 07:17:23,dc,83.1
8GC36PWP+AH,3MZBM1K75EM228770,2022-10-07 00:43:13,2022-10-07 01:29:13,ac,39.5
8GC36PWP+AI,2G4WE567451192284,2022-12-08 19:26:57,2022-12-08 21:12:57,dc,57.9
8GC36PWP+AJ,3C4PDDDG9DT931848,2022-12-15 15:20:14,2022-12-15 16:43:14,ac,38.0
8GC36P4G+AA,YV1902MD6F1792135,2022-11-23 05:15:14,2022-11-23 06:35:14,dc,95.9
8GC36P4G+AB,19UUA65584A430768,2022-10-04 01:13:37,2022-10-04 01:57:37,dc,71.9
8GC36P4G+AC,JTEBU5JR6E5522614,2022-12-07 16:49:13,,dc,93.2
8GC36P4G+AD,1HGCR2E33FA913616,2022-12-08 18:51:02,2022-12-08 20:10:02,ac,27.4
8GC36P4G+AE,5N1AA0NCXDN829652,2022-10-10 06:54:19,2022-10-10 07:26:19,dc,49.0
8GC36P4G+AF,JTEBU5JR8C5334299,2022-11-02 04:05:42,2022-11-02 05:06:42,ac,73.9
8GC36P4G+AG,WBAYA8C56ED487482,2022-10-28 13:21:12,2022-10-28 14:42:12,dc,42.6
8GC36P4G+AH,3MZBM1K75EM228770,2022-11-19 17:55:43,2022-11-19 18:29:43,dc,51.4
8GC36P4G+AI,2G4WE567451192284,2022-10-04 17:37:27,2022-10-04 18:52:27,dc,85.8
8GC36P4G+AJ,3C4PDDDG9DT931848,2022-10-16 15:30:14,2022-10-16 17:26:14,dc,31.3
8GC32Q3R+AA,YV1902MD6F1792135,2022-10-15 09:04:18,2022-10-15 11:03:18,ac,50.0
8GC32Q3R+AB,19UUA65584A430768,2022-11-01 21:53:37,2022-11-01 23:22:37,ac,62.8
8GC32Q3R+AC,JTEBU5JR6E5522614,2022-10-21 06:12:36,2022-10-21 07:59:36,ac,41.1
8GC32Q3R+AD,1HGCR2E33FA913616,2022-12-11 20:37:27,2022-12-11 22:25:27,ac,40.5
8GC32Q3R+AE,5N1AA0NCXDN829652,2022-12-02 12:29:27,2022-12-02 13:11:27,ac,85.5
8GC32Q3R+AF,JTEBU5JR8C5334299,2022-10-05 11:48:03,,dc,12.1
8GC32Q3R+AG,WBAYA8C56ED487482,2022-12-15 14:45:08,2022-12-15 16:36:08,ac,57.4
8GC32Q3R+AH,3MZBM1K75EM228770,2022-12-10 05:40:46,2022-12-10 07:02:46,dc,69.1
8GC32Q3R+AI,2G4WE567451192284,2022-11-11 06:18:00,2022-11-11 07:39:00,dc,68.5
8GC32Q3R+AJ,3C4PDDDG9DT931848,2022-10-16 12:39:45,2022-10-16 14:18:45,dc,24.0
8GC42GFM+AA,YV1902MD6F1792135,2022-10-21 06:59:06,2022-10-21 08:31:06,ac,88.2
8GC42GFM+AB,19UUA65584A430768,2022-11-30 04:33:15,2022-11-30 05:05:15,ac,98.1
8GC42GFM+AC,JTEBU5JR6E5522614,2022-10-02 23:52:03,2022-10-03 01:20:03,ac,16.9
8GC42GFM+AD,1HGCR2E33FA913616,2022-12-17 13:06:38,2022-12-17 14:02:38,ac,34.5
8GC42GFM+AE,5N1AA0NCXDN829652,2022-10-25 14:54:20,,ac,87.0
8GC42GFM+AF,JTEBU5JR8C5334299,2022-10-09 10:41:42,,dc,28.7
8GC42GFM+AG,WBAYA8C56ED487482,2022-10-12 12:21:43,2022-10-12 12:59:43,dc,35.4
8GC42GFM+AH,3MZBM1K75EM228770,2022-11-26 12:25:26,2022-11-26 13:29:26,ac,23.3
8GC42GFM+AI,2G4WE567451192284,2022-10-16 11:48:51,2022-10-16 13:18:51,ac,17.0
8GC42GFM+AJ,3C4PDDDG9DT931848,2022-11-04 03:03:10,2022-11-04 04:21:10,dc,39.6
8G93QM2G+AA,YV1902MD6F1792135,2022-11-20 15:41:44,2022-11-20 16:31:44,ac,70.6
8G93QM2G+AB,19UUA65584A430768,2022-12-19 09:25:14,2022-12-19 10:38:14,dc,92.0
8G93QM2G+AC,JTEBU5JR6E5522614,2022-10-20 22:34:15,2022-10-20 23:50:15,ac,51.3
8G93QM2G+AD,1HGCR2E33FA913616,2022-11-18 09:12:16,2022-11-18 10:58:16,dc,34.8
8G93QM2G+AE,5N1AA0NCXDN829652,2022-11-01 13:05:56,2022-11-01 14:19:56,ac,63.5
8G93QM2G+AF,JTEBU5JR8C5334299,2022-10-30 20:07:11,2022-10-30 21:48:11,dc,35.5
8G93QM2G+AG,WBAYA8C56ED487482,2022-12-18 18:53:08,2022-12-18 19:31:08,ac,40.7
8G93QM2G+AH,3MZBM1K75EM228770,2022-10-14 23:51:31,2022-10-15 01:39:31,dc,41.7
8G93QM2G+AI,2G4WE567451192284,2022-11-13 07:32:18,2022-11-13 09:15:18,dc,59.7
8G93QM2G+AJ,3C4PDDDG9DT931848,2022-11-14 23:00:03,2022-11-15 00:25:03,ac,26.2
8G94PC3H+AA,YV1902MD6F1792135,2022-12-26 17:32:44,2022-12-26 18:59:44,ac,68.4
8G94PC3H+AB,19UUA65584A430768,2022-12-17 06:34:52,2022-12-17 07:19:52,dc,54.0
8G94PC3H+AC,JTEBU5JR6E5522614,2022-12-18 09:31:10,2022-12-18 11:09:10,dc,51.3
8G94PC3H+AD,1HGCR2E33FA913616,2022-12-21 00:11:45,2022-12-21 00:45:45,dc,46.8
8G94PC3H+AE,5N1AA0NCXDN829652,2022-10-19 21:41:18,2022-10-19 23:11:18,dc,19.0
8G94PC3H+AF,JTEBU5JR8C5334299,2022-11-03 18:41:54,2022-11-03 19:15:54,ac,41.4
8G94PC3H+AG,WBAYA8C56ED487482,2022-10-27 00:07:43,2022-10-27 01:58:43,dc,46.3
8G94PC3H+AH,3MZBM1K75EM228770,2022-11-02 12:14:11,,ac,81.1
8G94PC3H+AI,2G4WE567451192284,2022-12-10 14:39:24,2022-12-10 15:32:24,ac,15.5
8G94PC3H+AJ,3C4PDDDG9DT931848,2022-11-12 15:14:00,2022-11-12 16:20:00,dc,21.4
8G94H2XQ+AA,YV1902MD6F1792135,2022-10-17 23:35:48,2022-10-18 00:42:48,ac,26.4
8G94H2XQ+AB,19UUA65584A430768,2022-11-23 00:27:31,2022-11-23 02:18:31,ac,78.8
8G94H2XQ+AC,JTEBU5JR6E5522614,2022-10-09 19:54:38,2022-10-09 20:51:38,ac,39.1
8G94H2XQ+AD,1HGCR2E33FA913616,2022-12-07 12:36:25,,dc,27.7
8G94H2XQ+AE,5N1AA0NCXDN829652,2022-10-31 08:38:42,2022-10-31 10:31:42,dc,79.4
8G94H2XQ+AF,JTEBU5JR8C5334299,2022-10-07 02:25:18,2022-10-07 03:32:18,dc,82.0
8G94H2XQ+AG,WBAYA8C56ED487482,2022-11-24 06:37:02,2022-11-24 07:20:02,dc,30.8
8G94H2XQ+AH,3MZBM1K75EM228770,2022-12-11 16:46:53,2022-12-11 17:32:53,dc,12.0
8G94H2XQ+AI,2G4WE567451192284,2022-10-30 13:34:11,2022-10-30 15:21:11,ac,45.3
8G94H2XQ+AJ,3C4PDDDG9DT931848,2022-11-29 16:20:56,,dc,23.1
8G95Q246+AA,YV1902MD6F1792135,2022-12-23 07:09:38,2022-12-23 09:01:38,ac,48.0
8G95Q246+AB,19UUA65584A430768,2022-10-14 20:20:21,2022-10-14 21:16:21,ac,35.9
8G95Q246+AC,JTEBU5JR6E5522614,2022-11-15 09:17:23,2022-11-15 11:01:23,dc,65.8
8G95Q246+AD,1HGCR2E33FA913616,2022-12-24 02:50:56,2022-12-24 04:34:56,dc,95.6
8G95Q246+AE,5N1AA0NCXDN829652,2022-11-12 11:07:15,2022-11-12 12:19:15,ac,72.9
8G95Q246+AF,JTEBU5JR8C5334299,2022-11-29 14:14:24,2022-11-29 15:41:24,ac,60.1
8G95Q246+AG,WBAYA8C56ED487482,2022-11-12 06:23:29,2022-11-12 07:33:29,dc,42.1
8G95Q246+AH,3MZBM1K75EM228770,2022-12-22 16:38:38,2022-12-22 17:25:38,dc,11.9
8G95Q246+AI,2G4WE567451192284,2022-11-21 11:25:33,2022-11-21 13:11:33,ac,53.6
8G95Q246+AJ,3C4PDDDG9DT931848,2022-11-11 16:49:32,2022-11-11 17:32:32,dc,37.1
8GC37QPP+AA,YV1902MD6F1792135,2022-10-31 14:31:24,2022-10-31 16:15:24,dc,61.6
8GC37QPP+AB,19UUA65584A430768,2022-10-02 15:55:12,2022-10-02 17:40:12,dc,96.7
8GC37QPP+AC,JTEBU5JR6E5522614,2022-11-01 16:15:02,,ac,6.7
8GC37QPP+AD,1HGCR2E33FA913616,2022-10-12 12:47:51,2022-10-12 13:35:51,ac,56.9
8GC37QPP+AE,5N1AA0NCXDN829652,2022-12-07 04:08:40,2022-12-07 05:03:40,dc,8.8
8GC37QPP+AF,JTEBU5JR8C5334299,2022-12-02 16:09:26,2022-12-02 17:45:26,dc,19.9
8GC37QPP+AG,WBAYA8C56ED487482,2022-11-05 07:19:11,2022-11-05 07:51:11,dc,76.7
8GC37QPP+AH,3MZBM1K75EM228770,2022-10-27 06:19:48,2022-10-27 07:36:48,dc,12.8
8GC37QPP+AI,2G4WE567451192284,2022-12-03 09:25:33,2022-12-03 10:18:33,dc,36.0
8GC37QPP+AJ,3C4PDDDG9DT931848,2022-12-05 03:49:43,2022-12-05 04:59:43,ac,31.9
8GC36PWP+AA,YV1902MD6F1792135,2022-10-15 03:13:40,2022-10-15 04:58:40,ac,81.4
8GC36PWP+AB,19UUA65584A430768,2022-12-26 09:04:20,2022-12-26 09:43:20,dc,60.4
8GC36PWP+AC,JTEBU5JR6E5522614,2022-10-05 22:38:56,,ac,11.1
8GC36PWP+AD,1HGCR2E33FA913616,2022-11-14 07:53:07,2022-11-14 09:38:07,ac,23.3
8GC36PWP+AE,5N1AA0NCXDN829652,2022-11-01 05:37:43,2022-11-01 06:25:43,ac,58.1
8GC36PWP+AF,JTEBU5JR8C5334299,2022-12-16 23:01:56,2022-12-17 00:02:56,ac,72.5
8GC36PWP+AG,WBAYA8C56ED487482,2022-11-19 15:52:17,2022-11-19 16:35:17,ac,48.0
8GC36PWP+AH,3MZBM1K75EM228770,2022-10-25 14:01:02,2022-10-25 15:07:02,dc,29.1
8GC36PWP+AI,2G4WE567451192284,2022-10-25 19:25:52,2022-10-25 20:34:52,ac,33.7
8GC36PWP+AJ,3C4PDDDG9DT931848,2022-12-02 22:43:05,2022-12-03 00:15:05,dc,97.2
8GC36P4G+AA,YV1902MD6F1792135,2022-11-06 10:59:38,2022-11-06 12:22:38,ac,44.8
8GC36P4G+AB,19UUA65584A430768,2022-11-24 06:05:51,2022-11-24 07:04:51,ac,76.3
8GC36P4G+AC,JTEBU5JR6E5522614,2022-12-08 08:59:27,2022-12-08 10:23:27,ac,33.2
8GC36P4G+AD,1HGCR2E33FA913616,2022-11-27 22:41:36,2022-11-28 00:08:36,dc,86.1
8GC36P4G+AE,5N1AA0NCXDN829652,2022-11-14 01:32:02,2022-11-14 02:52:02,ac,85.7
8GC36P4G+AF,JTEBU5JR8C5334299,2022-12-21 11:32:30,2022-12-21 13:04:30,ac,88.7
8GC36P4G+AG,WBAYA8C56ED487482,2022-10-07 03:11:31,2022-10-07 04:41:31,ac,23.3
8GC36P4G+AH,3MZBM1K75EM228770,2022-10-22 18:23:32,,dc,89.6
8GC36P4G+AI,2G4WE567451192284,2022-11-27 08:45:16,2022-11-27 09:57:16,ac,57.0
8GC36P4G+AJ,3C4PDDDG9DT931848,2022-10-18 21:55:38,2022-10-18 22:49:38,dc,90.8
8GC32Q3R+AA,YV1902MD6F1792135,2022-10-30 18:29:52,2022-10-30 19:12:52,ac,10.1
8GC32Q3R+AB,19UUA65584A430768,2022-11-10 10:23:23,2022-11-10 11:20:23,ac,54.5
8GC32Q3R+AC,JTEBU5JR6E5522614,2022-10-03 23:09:06,2022-10-04 00:06:06,ac,42.2
8GC32Q3R+AD,1HGCR2E33FA913616,2022-11-10 21:01:05,2022-11-10 22:16:05,ac,36.1
8GC32Q3R+AE,5N1AA0NCXDN829652,2022-11-03 16:10:39,2022-11-03 17:40:39,ac,14.7
8GC32Q3R+AF,JTEBU5JR8C5334299,2022-12-03 03:17:10,,ac,20.1
8GC32Q3R+AG,WBAYA8C56ED487482,2022-10-10 02:04:51,2022-10-10 03:12:51,ac,41.5
8GC32Q3R+AH,3MZBM1K75EM228770,2022-12-25 16:25:46,2022-12-25 18:23:46,ac,24.6
8GC32Q3R+AI,2G4WE567451192284,2022-10-19 21:20:59,2022-10-19 22:37:59,ac,36.0
8GC32Q3R+AJ,3C4PDDDG9DT931848,2022-12-11 15:41:53,2022-12-11 16:32:53,ac,8.9
8GC42GFM+AA,YV1902MD6F1792135,2022-11-15 22:50:15,2022-11-15 23:34:15,dc,6.4
8GC42GFM+AB,19UUA65584A430768,2022-11-10 12:04:23,,ac,52.0
8GC42GFM+AC,JTEBU5JR6E5522614,2022-10-11 06:53:55,2022-10-11 08:51:55,ac,58.6
8GC42GFM+AD,1HGCR2E33FA913616,2022-12-11 13:56:44,2022-12-11 15:32:44,ac,22.3
8GC42GFM+AE,5N1AA0NCXDN829652,2022-12-22 17:55:39,2022-12-22 19:31:39,ac,99.0
8GC42GFM+AF,JTEBU5JR8C5334299,2022-10-23 02:29:51,2022-10-23 04:25:51,dc,87.6
8GC42GFM+AG,WBAYA8C56ED487482,2022-10-20 21:36:50,2022-10-20 22:36:50,ac,45.1
8GC42GFM+AH,3MZBM1K75EM228770,2022-10-31 11:15:48,2022-10-31 12:35:48,ac,12.2
8GC42GFM+AI,2G4WE567451192284,2022-12-13 19:47:23,2022-12-13 20:43:23,ac,35.5
8GC42GFM+AJ,3C4PDDDG9DT931848,2022-12-21 09:54:02,2022-12-21 11:50:02,dc,59.8
8G93QM2G+AA,YV1902MD6F1792135,2022-10-18 13:58:49,2022-10-18 15:08:49,ac,42.6
8G93QM2G+AB,19UUA65584A430768,2022-11-19 20:58:49,2022-11-19 22:08:49,ac,19.6
8G93QM2G+AC,JTEBU5JR6E5522614,2022-12-11 19:51:18,2022-12-11 21:32:18,dc,85.9
8G93QM2G+AD,1HGCR2E33FA913616,2022-11-29 17:27:15,2022-11-29 18:45:15,dc,18.7
8G93QM2G+AE,5N1AA0NCXDN829652,2022-11-22 05:05:33,2022-11-22 06:07:33,dc,58.6
8G93QM2G+AF,JTEBU5JR8C5334299,2022-10-22 01:16:33,2022-10-22 02:02:33,dc,87.2
8G93QM2G+AG,WBAYA8C56ED487482,2022-10-10 05:03:13,2022-10-10 06:44:13,dc,28.1
8G93QM2G+AH,3MZBM1K75EM228770,2022-12-14 04:55:28,2022-12-14 06:12:28,dc,35.0
8G93QM2G+AI,2G4WE567451192284,2022-12-13 08:03:50,,dc,12.1
8G93QM2G+AJ,3C4PDDDG9DT931848,2022-11-10 15:30:02,2022-11-10 16:13:02,dc,22.0
8G94PC3H+AA,YV1902MD6F1792135,2022-12-11 06:50:07,2022-12-11 08:50:07,dc,45.1
8G94PC3H+AB,19UUA65584A430768,2022-11-18 18:24:47,2022-11-18 18:54:47,dc,26.7
8G94PC3H+AC,JTEBU5JR6E5522614,2022-12-01 03:13:38,2022-12-01 03:59:38,ac,80.6
8G94PC3H+AD,1HGCR2E33FA913616,2022-10-09 19:15:20,2022-10-09 21:01:20,ac,63.5
8G94PC3H+AE,5N1AA0NCXDN829652,2022-12-17 16:07:12,2022-12-17 17:45:12,ac,73.7
8G94PC3H+AF,JTEBU5JR8C5334299,2022-10-04 11:12:36,2022-10-04 11:47:36,ac,5.0
8G94PC3H+AG,WBAYA8C56ED487482,2022-12-02 18:06:02,2022-12-02 19:28:02,ac,21.8
8G94PC3H+AH,3MZBM1K75EM228770,2022-12-26 18:00:19,2022-12-26 19:30:19,dc,12.1
8G94PC3H+AI,2G4WE567451192284,2022-12-13 23:29:18,2022-12-14 00:11:18,ac,47.9
8G94PC3H+AJ,3C4PDDDG9DT931848,2022-10-15 19:19:23,2022-10-15 19:51:23,ac,60.0
8G94H2XQ+AA,YV1902MD6F1792135,2022-11-11 02:24:21,2022-11-11 03:47:21,dc,35.9
8G94H2XQ+AB,19UUA65584A430768,2022-12-04 12:07:27,2022-12-04 13:14:27,dc,57.7
8G94H2XQ+AC,JTEBU5JR6E5522614,2022-11-23 06:45:20,2022-11-23 07:47:20,ac,36.4
8G94H2XQ+AD,1HGCR2E33FA913616,2022-12-07 19:07:08,2022-12-07 19:56:08,ac,43.1
8G94H2XQ+AE,5N1AA0NCXDN829652,2022-10-30 03:27:23,2022-10-30 04:42:23,dc,81.5
8G94H2XQ+AF,JTEBU5JR8C5334299,2022-12-05 09:16:05,2022-12-05 11:07:05,ac,96.0
8G94H2XQ+AG,WBAYA8C56ED487482,2022-10-22 02:23:44,2022-10-22 04:06:44,ac,32.6
8G94H2XQ+AH,3MZBM1K75EM228770,2022-10-18 01:10:13,2022-10-18 01:50:13,dc,17.3
8G94H2XQ+AI,2G4WE567451192284,2022-12-07 11:11:45,2022-12-07 12:15:45,dc,67.2
8G94H2XQ+AJ,3C4PDDDG9DT931848,2022-10-23 10:53:20,2022-10-23 12:05:20,ac,37.8
8G95Q246+AA,YV1902MD6F1792135,2022-12-17 21:29:10,2022-12-17 23:07:10,ac,92.6
8G95Q246+AB,19UUA65584A430768,2022-10-06 22:23:52,2022-10-06 23:20:52,ac,45.4
8G95Q246+AC,JTEBU5JR6E5522614,2022-11-19 14:23:58,2022-11-19 15:58:58,dc,82.3
8G95Q246+AD,1HGCR2E33FA913616,2022-10-01 21:40:27,2022-10-01 22:37:27,ac,5.7
8G95Q246+AE,5N1AA0NCXDN829652,2022-11-05 21:06:18,,ac,85.0
8G95Q246+AF,JTEBU5JR8C5334299,2022-12-02 19:29:45,2022-12-02 21:08:45,ac,54.3
8G95Q246+AG,WBAYA8C56ED487482,2022-10-01 15:46:53,2022-10-01 17:14:53,dc,13.7
8G95Q246+AH,3MZBM1K75EM228770,2022-11-13 16:07:02,2022-11-13 17:57:02,dc,19.6
8G95Q246+AI,2G4WE567451192284,2022-11-13 17:55:20,2022-11-13 18:31:20,dc,32.6
8G95Q246+AJ,3C4PDDDG9DT931848,2022-10-02 02:26:36,2022-10-02 03:34:36,dc,94.3
8GC37QPP+AA,YV1902MD6F1792135,2022-11-24 11:04:10,2022-11-24 12:45:10,ac,84.0
8GC37QPP+AB,19UUA65584A430768,2022-12-02 18:56:52,2022-12-02 20:52:52,ac,12.0
8GC37QPP+AC,JTEBU5JR6E5522614,2022-11-01 08:54:11,2022-11-01 09:47:11,dc,34.2
8GC37QPP+AD,1HGCR2E33FA913616,2022-10-19 16:24:33,2022-10-19 17:10:33,ac,14.4
8GC37QPP+AE,5N1AA0NCXDN829652,2022-12-09 21:03:40,2022-12-09 21:38:40,dc,13.4
8GC37QPP+AF,JTEBU5JR8C5334299,2022-11-17 04:02:46,2022-11-17 06:02:46,dc,39.8
8GC37QPP+AG,WBAYA8C56ED487482,2022-11-01 16:39:10,2022-11-01 17:21:10,dc,27.4
8GC37QPP+AH,3MZBM1K75EM228770,2022-11-11 08:10:01,2022-11-11 10:00:01,ac,34.3
8GC37QPP+AI,2G4WE567451192284,2022-11-02 02:01:00,2022-11-02 02:43:00,ac,72.9
8GC37QPP+AJ,3C4PDDDG9DT931848,2022-10-22 02:31:22,2022-10-22 03:42:22,dc,73.7
8GC36PWP+AA,YV1902MD6F1792135,2022-11-24 13:38:18,2022-11-24 15:11:18,ac,15.7
8GC36PWP+AB,19UUA65584A430768,2022-11-24 19:30:57,2022-11-24 21:21:57,ac,26.5
8GC36PWP+AC,JTEBU5JR6E5522614,2022-10-17 18:29:43,2022-10-17 19:04:43,dc,98.2
8GC36PWP+AD,1HGCR2E33FA913616,2022-12-14 05:53:53,,dc,63.7
8GC36PWP+AE,5N1AA0NCXDN829652,2022-10-16 12:34:56,2022-10-16 14:31:56,dc,93.7
8GC36PWP+AF,JTEBU5JR8C5334299,2022-12-03 11:05:49,2022-12-03 12:45:49,ac,82.1
8GC36PWP+AG,WBAYA8C56ED487482,2022-10-15 22:17:18,2022-10-15 23:45:18,ac,91.4
8GC36PWP+AH,3MZBM1K75EM228770,2022-11-16 22:48:41,2022-11-16 23:48:41,dc,51.7
8GC36PWP+AI,2G4WE567451192284,2022-10-18 05:26:46,,dc,53.4
8GC36PWP+AJ,3C4PDDDG9DT931848,2022-11-17 22:02:41,2022-11-17 23:53:41,dc,70.5
8GC36P4G+AA,YV1902MD6F1792135,2022-10-05 02:05:09,2022-10-05 03:31:09,ac,82.6
8GC36P4G+AB,19UUA65584A430768,2022-11-15 11:33:37,2022-11-15 13:25:37,dc,70.0
8GC36P4G+AC,JTEBU5JR6E5522614,2022-11-02 07:00:14,2022-11-02 08:23:14,dc,25.8
8GC36P4G+AD,1HGCR2E33FA913616,2022-10-12 10:12:32,2022-10-12 10:50:32,ac,91.0
8GC36P4G+AE,5N1AA0NCXDN829652,2022-11-16 04:56:19,2022-11-16 06:56:19,ac,76.5
8GC36P4G+AF,JTEBU5JR8C5334299,2022-11-04 10:36:24,2022-11-04 12:04:24,ac,27.6
8GC36P4G+AG,WBAYA8C56ED487482,2022-11-27 12:49:25,2022-11-27 13:22:25,dc,94.3
8GC36P4G+AH,3MZBM1K75EM228770,2022-11-03 10:19:34,2022-11-03 11:16:34,ac,62.9
8GC36P4G+AI,2G4WE567451192284,2022-11-08 10:23:40,2022-11-08 12:15:40,dc,97.3
8GC36P4G+AJ,3C4PDDDG9DT931848,2022-11-03 11:42:38,2022-11-03 12:22:38,ac,35.0
8GC32Q3R+AA,YV1902MD6F1792135,2022-10-29 22:01:03,2022-10-29 23:00:03,dc,14.2
8GC32Q3R+AB,19UUA65584A430768,2022-12-08 03:19:20,2022-12-08 04:40:20,ac,19.2
8GC32Q3R+AC,JTEBU5JR6E5522614,2022-11-04 22:36:52,2022-11-04 23:24:52,ac,23.8
8GC32Q3R+AD,1HGCR2E33FA913616,2022-12-26 19:19:23,2022-12-26 21:17:23,dc,23.0
8GC32Q3R+AE,5N1AA0NCXDN829652,2022-10-12 11:22:49,2022-10-12 12:14:49,ac,51.2
8GC32Q3R+AF,JTEBU5JR8C5334299,2022-10-27 09:17:35,2022-10-27 10:00:35,ac,52.3
8GC32Q3R+AG,WBAYA8C56ED487482,2022-10-12 04:58:36,2022-10-12 06:25:36,ac,34.5
8GC32Q3R+AH,3MZBM1K75EM228770,2022-10-14 00:47:47,2022-10-14 02:06:47,ac,44.5
8GC32Q3R+AI,2G4WE567451192284,2022-10-07 16:00:15,2022-10-07 17:07:15,ac,76.4
8GC32Q3R+AJ,3C4PDDDG9DT931848,2022-11-07 06:02:12,2022-11-07 07:10:12,dc,26.4
8GC42GFM+AA,YV1902MD6F1792135,2022-12-08 16:45:06,2022-12-08 17:53:06,dc,17.6
8GC42GFM+AB,19UUA65584A430768,2022-10-31 18:19:39,2022-10-31 19:40:39,ac,80.4
8GC42GFM+AC,JTEBU5JR6E5522614,2022-10-07 15:56:28,2022-10-07 16:59:28,ac,98.6
8GC42GFM+AD,1HGCR2E33FA913616,2022-10-09 21:38:14,2022-10-09 23:12:14,dc,37.9
8GC42GFM+AE,5N1AA0NCXDN829652,2022-10-09 14:06:17,,ac,87.0
8GC42GFM+AF,JTEBU5JR8C5334299,2022-10-20 18:04:56,2022-10-20 19:35:56,dc,58.3
8GC42GFM+AG,WBAYA8C56ED487482,2022-12-20 07:45:26,,dc,29.9
8GC42GFM+AH,3MZBM1K75EM228770,2022-12-24 03:24:06,2022-12-24 04:44:06,dc,68.2
8GC42GFM+AI,2G4WE567451192284,2022-10-25 09:31:25,2022-10-25 10:43:25,ac,33.8
8GC42GFM+AJ,3C4PDDDG9DT931848,2022-12-08 06:42:41,2022-12-08 08:15:41,dc,88.1
8G93QM2G+AA,YV1902MD6F1792135,2022-11-29 07:17:39,2022-11-29 08:52:39,dc,90.0
8G93QM2G+AB,19UUA65584A430768,2022-10-21 07:45:06,2022-10-21 08:49:06,ac,87.8
8G93QM2G+AC,JTEBU5JR6E5522614,2022-11-09 12:25:37,2022-11-09 13:03:37,dc,53.1
8G93QM2G+AD,1HGCR2E33FA913616,2022-10-10 02:30:21,2022-10-10 03:34:21,dc,13.6
8G93QM2G+AE,5N1AA0NCXDN829652,2022-10-26 22:31:43,2022-10-26 23:08:43,ac,57.4
8G93QM2G+AF,JTEBU5JR8C5334299,2022-10-07 11:19:44,2022-10-07 13:03:44,dc,89.0
8G93QM2G+AG,WBAYA8C56ED487482,2022-10-29 03:54:11,2022-10-29 04:45:11,dc,51.0
8G93QM2G+AH,3MZBM1K75EM228770,2022-11-08 11:35:51,2022-11-08 13:29:51,ac,78.5
8G93QM2G+AI,2G4WE567451192284,2022-11-21 03:54:00,2022-11-21 05:04:00,ac,98.0
8G93QM2G+AJ,3C4PDDDG9DT931848,2022-12-15 11:33:55,2022-12-15 12:12:55,ac,83.7
8G94PC3H+AA,YV1902MD6F1792135,2022-12-11 09:48:27,,ac,19.4
8G94PC3H+AB,19UUA65584A430768,2022-10-16 21:17:33,2022-10-16 21:53:33,ac,13.5
8G94PC3H+AC,JTEBU5JR6E5522614,2022-10-15 01:01:33,2022-10-15 01:35:33,dc,10.4
8G94PC3H+AD,1HGCR2E33FA913616,2022-10-15 21:23:53,2022-10-15 22:00:53,ac,46.8
8G94PC3H+AE,5N1AA0NCXDN829652,2022-11-03 09:42:56,2022-11-03 10:48:56,dc,25.7
8G94PC3H+AF,JTEBU5JR8C5334299,2022-11-03 02:51:06,2022-11-03 04:19:06,dc,42.7
8G94PC3H+AG,WBAYA8C56ED487482,2022-10-28 16:33:13,2022-10-28 17:43:13,ac,85.4
8G94PC3H+AH,3MZBM1K75EM228770,2022-11-23 20:55:23,2022-11-23 22:45:23,ac,32.0
8G94PC3H+AI,2G4WE567451192284,2022-10-22 03:27:43,2022-10-22 05:25:43,ac,68.5
8G94PC3H+AJ,3C4PDDDG9DT931848,2022-10-11 06:35:21,2022-10-11 07:56:21,dc,84.2
8G94H2XQ+AA,YV1902MD6F1792135,2022-10-03 06:38:06,2022-10-03 07:55:06,dc,80.2
8G94H2XQ+AB,19UUA65584A430768,2022-11-21 20:54:50,,dc,92.8
8G94H2XQ+AC,JTEBU5JR6E5522614,2022-11-02 16:49:44,2022-11-02 18:36:44,ac,16.3
8G94H2XQ+AD,1HGCR2E33FA913616,2022-11-16 21:02:03,,ac,68.8
8G94H2XQ+AE,5N1AA0NCXDN829652,2022-10-30 07:01:00,2022-10-30 08:07:00,ac,68.9
8G94H2XQ+AF,JTEBU5JR8C5334299,2022-11-01 05:40:50,2022-11-01 06:18:50,ac,23.8
8G94H2XQ+AG,WBAYA8C56ED487482,2022-12-05 18:15:02,2022-12-05 19:49:02,ac,75.9
8G94H2XQ+AH,3MZBM1K75EM228770,2022-10-01 02:15:04,2022-10-01 03:01:04,dc,40.2
8G94H2XQ+AI,2G4WE567451192284,2022-11-14 03:23:00,2022-11-14 04:17:00,dc,64.0
8G94H2XQ+AJ,3C4PDDDG9DT931848,2022-10-07 08:58:34,2022-10-07 10:33:34,dc,22.4
8G95Q246+AA,YV1902MD6F1792135,2022-11-18 06:45:33,2022-11-18 07:48:33,ac,83.7
8G95Q246+AB,19UUA65584A430768,2022-12-09 16:41:58,,dc,57.6
8G95Q246+AC,JTEBU5JR6E5522614,2022-11-14 08:58:19,2022-11-14 10:54:19,dc,6.0
8G95Q246+AD,1HGCR2E33FA913616,2022-12-12 16:36:46,2022-12-12 17:09:46,dc,52.0
8G95Q246+AE,5N1AA0NCXDN829652,2022-11-03 21:52:55,2022-11-03 22:30:55,ac,90.6
8G95Q246+AF,JTEBU5JR8C5334299,2022-11-09 08:48:28,2022-11-09 10:39:28,ac,29.0
8G95Q246+AG,WBAYA8C56ED487482,2022-12-25 03:57:02,,dc,35.5
8G95Q246+AH,3MZBM1K75EM228770,2022-11-01 22:36:46,2022-11-01 23:54:46,dc,76.0
8G95Q246+AI,2G4WE567451192284,2022-11-07 14:19:02,,dc,14.7
8G95Q246+AJ,3C4PDDDG9DT931848,2022-10-04 22:57:41,,ac,54.3
8GC37QPP+AA,YV1902MD6F1792135,2022-11-22 15:07:51,2022-11-22 15:40:51,dc,47.7
8GC37QPP+AB,19UUA65584A430768,2022-12-19 13:42:39,2022-12-19 14:58:39,dc,62.7
8GC37QPP+AC,JTEBU5JR6E5522614,2022-10-06 14:52:47,2022-10-06 15:47:47,dc,54.6
8GC37QPP+AD,1HGCR2E33FA913616,2022-11-21 18:10:53,2022-11-21 20:09:53,ac,58.8
8GC37QPP+AE,5N1AA0NCXDN829652,2022-12-11 08:08:59,2022-12-11 08:42:59,ac,43.7
8GC37QPP+AF,JTEBU5JR8C5334299,2022-11-22 15:35:09,2022-11-22 16:07:09,dc,22.1
8GC37QPP+AG,WBAYA8C56ED487482,2022-12-02 15:45:09,2022-12-02 17:10:09,dc,88.5
8GC37QPP+AH,3MZBM1K75EM228770,2022-11-22 00:12:41,2022-11-22 00:49:41,ac,73.4
8GC37QPP+AI,2G4WE567451192284,2022-10-16 09:32:07,,ac,69.2
8GC37QPP+AJ,3C4PDDDG9DT931848,2022-12-18 21:28:28,2022-12-18 23:05:28,dc,83.8
8GC36PWP+AA,YV1902MD6F1792135,2022-10-19 02:01:09,2022-10-19 02:39:09,ac,71.0
8GC36PWP+AB,19UUA65584A430768,2022-12-20 02:38:36,2022-12-20 03:16:36,ac,30.9
8GC36PWP+AC,JTEBU5JR6E5522614,2022-12-11 23:27:00,2022-12-12 00:10:00,dc,51.8
8GC36PWP+AD,1HGCR2E33FA913616,2022-10-03 18:38:07,2022-10-03 20:15:07,ac,88.9
8GC36PWP+AE,5N1AA0NCXDN829652,2022-10-05 13:06:08,2022-10-05 14:51:08,ac,20.3
8GC36PWP+AF,JTEBU5JR8C5334299,2022-10-04 18:50:53,2022-10-04 19:39:53,ac,67.2
8GC36PWP+AG,WBAYA8C56ED487482,2022-12-16 07:59:02,2022-12-16 09:39:02,ac,62.5
8GC36PWP+AH,3MZBM1K75EM228770,2022-11-22 09:20:00,,ac,54.6
8GC36PWP+AI,2G4WE567451192284,2022-11-09 00:07:13,2022-11-09 01:27:13,ac,27.1
8GC36PWP+AJ,3C4PDDDG9DT931848,2022-10-14 14:24:40,2022-10-14 14:58:40,ac,36.4
8GC36P4G+AA,YV1902MD6F1792135,2022-12-17 16:16:01,2022-12-17 16:55:01,dc,65.3
8GC36P4G+AB,19UUA65584A430768,2022-10-08 15:03:41,2022-10-08 16:36:41,dc,83.2
8GC36P4G+AC,JTEBU5JR6E5522614,2022-10-05 22:15:07,2022-10-05 23:46:07,ac,97.1
8GC36P4G+AD,1HGCR2E33FA913616,2022-12-14 22:42:45,2022-12-14 23:52:45,ac,66.7
8GC36P4G+AE,5N1AA0NCXDN829652,2022-11-02 13:27:43,,dc,7.3
8GC36P4G+AF,JTEBU5JR8C5334299,2022-12-24 14:33:30,2022-12-24 16:12:30,dc,27.7
8GC36P4G+AG,WBAYA8C56ED487482,2022-12-10 09:22:47,2022-12-10 11:18:47,dc,74.8
8GC36P4G+AH,3MZBM1K75EM228770,2022-10-28 20:36:01,2022-10-28 21:47:01,ac,42.2
8GC36P4G+AI,2G4WE567451192284,2022-12-14 02:34:38,2022-12-14 03:13:38,dc,25.9
8GC36P4G+AJ,3C4PDDDG9DT931848,2022-10-05 19:37:42,2022-10-05 21:22:42,ac,96.5
8GC32Q3R+AA,YV1902MD6F1792135,2022-10-02 01:36:24,,dc,35.8
8GC32Q3R+AB,19UUA65584A430768,2022-11-10 05:10:19,2022-11-10 06:06:19,dc,54.7
8GC32Q3R+AC,JTEBU5JR6E5522614,2022-10-11 12:53:56,2022-10-11 14:53:56,ac,86.3
8GC32Q3R+AD,1HGCR2E33FA913616,2022-12-03 03:45:22,2022-12-03 05:25:22,ac,37.2
8GC32Q3R+AE,5N1AA0NCXDN829652,2022-12-13 16:03:17,2022-12-13 17:39:17,ac,14.7
8GC32Q3R+AF,JTEBU5JR8C5334299,2022-10-25 18:28:34,2022-10-25 19:56:34,dc,84.7
8GC32Q3R+AG,WBAYA8C56ED487482,2022-11-16 08:24:01,2022-11-16 09:58:01,dc,21.3
8GC32Q3R+AH,3MZBM1K75EM228770,2022-10-24 17:52:23,2022-10-24 19:17:23,dc,16.8
8GC32Q3R+AI,2G4WE567451192284,2022-11-01 05:58:27,2022-11-01 07:00:27,dc,79.0
8GC32Q3R+AJ,3C4PDDDG9DT931848,2022-10-20 05:13:38,2022-10-20 06:18:38,ac,71.7
8GC42GFM+AA,YV1902MD6F1792135,2022-10-31 07:33:44,2022-10-31 08:14:44,ac,74.5
8GC42GFM+AB,19UUA65584A430768,2022-12-22 18:57:46,2022-12-22 19:39:46,ac,64.9
8GC42GFM+AC,JTEBU5JR6E5522614,2022-11-21 17:08:16,2022-11-21 18:59:16,dc,72.1
8GC42GFM+AD,1HGCR2E33FA913616,2022-12-09 03:54:19,2022-12-09 05:21:19,dc,93.8
8GC42GFM+AE,5N1AA0NCXDN829652,2022-12-17 14:23:02,2022-12-17 15:53:02,dc,43.9
8GC42GFM+AF,JTEBU5JR8C5334299,2022-10-04 03:24:29,2022-10-04 04:49:29,ac,12.3
8GC42GFM+AG,WBAYA8C56ED487482,2022-10-18 01:11:05,2022-10-18 01:42:05,ac,82.9
8GC42GFM+AH,3MZBM1K75EM228770,2022-12-25 09:59:23,2022-12-25 10:57:23,dc,91.7
8GC42GFM+AI,2G4WE567451192284,2022-10-31 04:26:23,2022-10-31 06:19:23,ac,42.7
8GC42GFM+AJ,3C4PDDDG9DT931848,2022-11-09 05:02:49,2022-11-09 06:30:49,ac,55.1
8G93QM2G+AA,YV1902MD6F1792135,2022-11-30 10:14:37,2022-11-30 11:25:37,ac,36.7
8G93QM2G+AB,19UUA65584A430768,2022-12-11 09:35:16,2022-12-11 10:12:16,dc,80.2
8G93QM2G+AC,JTEBU5JR6E5522614,2022-10-12 17:17:11,2022-10-12 18:40:11,dc,28.3
8G93QM2G+AD,1HGCR2E33FA913616,2022-11-14 09:25:52,2022-11-14 11:09:52,dc,35.1
8G93QM2G+AE,5N1AA0NCXDN829652,2022-11-27 19:49:22,2022-11-27 21:14:22,dc,89.0
8G93QM2G+AF,JTEBU5JR8C5334299,2022-12-14 02:07:15,2022-12-14 02:49:15,ac,5.9
8G93QM2G+AG,WBAYA8C56ED487482,2022-10-19 05:25:18,2022-10-19 06:22:18,ac,88.1
8G93QM2G+AH,3MZBM1K75EM228770,2022-12-23 14:56:23,2022-12-23 15:40:23,ac,71.2
8G93QM2G+AI,2G4WE567451192284,2022-10-17 12:52:35,2022-10-17 13:56:35,ac,5.8
8G93QM2G+AJ,3C4PDDDG9DT931848,2022-12-15 22:52:00,2022-12-16 00:30:00,ac,13.4
8G94PC3H+AA,YV1902MD6F1792135,2022-10-16 19:58:58,2022-10-16 21:27:58,ac,90.8
8G94PC3H+AB,19UUA65584A430768,2022-12-12 22:29:36,2022-12-12 23:43:36,ac,94.7
8G94PC3H+AC,JTEBU5JR6E5522614,2022-11-04 18:29:22,2022-11-04 20:21:22,ac,65.1
8G94PC3H+AD,1HGCR2E33FA913616,2022-11-16 22:46:46,2022-11-16 23:16:46,dc,7.8
8G94PC3H+AE,5N1AA0NCXDN829652,2022-10-15 08:46:29,2022-10-15 10:23:29,dc,87.5
8G94PC3H+AF,JTEBU5JR8C5334299,2022-10-08 10:07:54,2022-10-08 10:43:54,ac,19.0
8G94PC3H+AG,WBAYA8C56ED487482,2022-11-04 11:45:02,2022-11-04 13:36:02,ac,8.7
8G94PC3H+AH,3MZBM1K75EM228770,2022-10-18 18:34:10,2022-10-18 19:50:10,ac,71.1
8G94PC3H+AI,2G4WE567451192284,2022-12-04 02:23:39,2022-12-04 04:20:39,dc,17.7
8G94PC3H+AJ,3C4PDDDG9DT931848,2022-12-07 19:36:30,2022-12-07 20:33:30,dc,15.7
8G94H2XQ+AA,YV1902MD6F1792135,2022-12-13 17:57:15,2022-12-13 18:59:15,ac,41.2
8G94H2XQ+AB,19UUA65584A430768,2022-10-22 06:29:10,2022-10-22 07:16:10,ac,86.2
8G94H2XQ+AC,JTEBU5JR6E5522614,2022-11-11 19:59:20,2022-11-11 20:36:20,ac,61.2
8G94H2XQ+AD,1HGCR2E33FA913616,2022-12-10 15:54:02,2022-12-10 17:10:02,ac,20.8
8G94H2XQ+AE,5N1AA0NCXDN829652,2022-10-17 14:40:39,2022-10-17 16:16:39,dc,23.1
8G94H2XQ+AF,JTEBU5JR8C5334299,2022-12-05 10:31:02,2022-12-05 11:14:02,ac,29.7
8G94H2XQ+AG,WBAYA8C56ED487482,2022-12-13 06:39:13,2022-12-13 08:20:13,dc,48.9
8G94H2XQ+AH,3MZBM1K75EM228770,2022-12-08 18:40:44,2022-12-08 20:11:44,dc,84.9
8G94H2XQ+AI,2G4WE567451192284,2022-10-21 04:19:26,2022-10-21 05:25:26,dc,9.2
8G94H2XQ+AJ,3C4PDDDG9DT931848,2022-10-04 05:56:19,2022-10-04 06:41:19,dc,58.5
8G95Q246+AA,YV1902MD6F1792135,2022-12-01 22:23:16,2022-12-02 00:12:16,dc,59.8
8G95Q246+AB,19UUA65584A430768,2022-11-23 18:23:37,2022-11-23 19:30:37,dc,79.1
8G95Q246+AC,JTEBU5JR6E5522614,2022-11-16 21:35:34,2022-11-16 22:57:34,dc,25.3
8G95Q246+AD,1HGCR2E33FA913616,2022-10-19 07:05:27,2022-10-19 08:20:27,ac,91.2
8G95Q246+AE,5N1AA0NCXDN829652,2022-11-18 10:24:43,2022-11-18 11:10:43,ac,91.7
8G95Q246+AF,JTEBU5JR8C5334299,2022-10-02 07:06:25,,ac,78.0
8G95Q246+AG,WBAYA8C56ED487482,2022-10-11 07:58:59,2022-10-11 09:42:59,ac,89.5
8G95Q246+AH,3MZBM1K75EM228770,2022-12-09 16:08:27,2022-12-09 17:16:27,dc,81.6
8G95Q246+AI,2G4WE567451192284,2022-11-13 06:11:21,2022-11-13 07:34:21,ac,36.5
8G95Q246+AJ,3C4PDDDG9DT931848,2022-11-11 13:36:17,2022-11-11 15:15:17,dc,39.3
8GC37QPP+AA,YV1902MD6F1792135,2022-11-28 14:31:42,2022-11-28 15:56:42,dc,73.4
8GC37QPP+AB,19UUA65584A430768,2022-11-07 23:51:42,2022-11-08 00:59:42,dc,5.5
8GC37QPP+AC,JTEBU5JR6E5522614,2022-11-05 15:14:39,2022-11-05 16:45:39,ac,24.6
8GC37QPP+AD,1HGCR2E33FA913616,2022-11-14 13:17:42,2022-11-14 15:12:42,ac,10.4
8GC37QPP+AE,5N1AA0NCXDN829652,2022-12-06 16:12:09,2022-12-06 17:22:09,dc,51.4
8GC37QPP+AF,JTEBU5JR8C5334299,2022-12-27 16:25:55,,ac,80.0
8GC37QPP+AG,WBAYA8C56ED487482,2022-12-27 14:12:23,2022-12-27 15:01:23,dc,25.1
8GC37QPP+AH,3MZBM1K75EM228770,2022-10-08 14:25:36,2022-10-08 16:12:36,ac,87.4
8GC37QPP+AI,2G4WE567451192284,2022-11-26 01:09:36,2022-11-26 01:48:36,ac,56.9
8GC37QPP+AJ,3C4PDDDG9DT931848,2022-10-19 13:26:37,2022-10-19 15:23:37,dc,21.8
8GC36PWP+AA,YV1902MD6F1792135,2022-11-11 19:51:54,2022-11-11 21:46:54,ac,45.0
8GC36PWP+AB,19UUA65584A430768,2022-11-25 14:36:47,2022-11-25 16:08:47,ac,40.4
8GC36PWP+AC,JTEBU5JR6E5522614,2022-12-15 01:55:16,,dc,64.0
8GC36PWP+AD,1HGCR2E33FA913616,2022-11-17 02:21:26,2022-11-17 03:37:26,ac,99.9
8GC36PWP+AE,5N1AA0NCXDN829652,2022-12-25 10:08:32,2022-12-25 10:58:32,ac,48.7
8GC36PWP+AF,JTEBU5JR8C5334299,2022-12-01 12:06:36,2022-12-01 13:56:36,dc,20.1
8GC36PWP+AG,WBAYA8C56ED487482,2022-12-14 06:22:01,2022-12-14 07:27:01,dc,38.9
8GC36PWP+AH,3MZBM1K75EM228770,2022-12-08 06:48:21,,ac,78.5
8GC36PWP+AI,2G4WE567451192284,2022-11-03 09:46:04,2022-11-03 10:17:04,ac,68.2
8GC36PWP+AJ,3C4PDDDG9DT931848,2022-11-02 00:51:18,2022-11-02 01:43:18,ac,36.7
8GC36P4G+AA,YV1902MD6F1792135,2022-12-18 02:33:26,2022-12-18 03:20:26,ac,60.9
8GC36P4G+AB,19UUA65584A430768,2022-11-11 22:20:13,2022-11-11 23:59:13,ac,11.0
8GC36P4G+AC,JTEBU5JR6E5522614,2022-11-05 10:19:34,2022-11-05 11:27:34,dc,23.1
8GC36P4G+AD,1HGCR2E33FA913616,2022-10-21 02:55:28,2022-10-21 04:36:28,ac,24.6
8GC36P4G+AE,5N1AA0NCXDN829652,2022-12-05 11:10:25,2022-12-05 11:53:25,dc,60.2
8GC36P4G+AF,JTEBU5JR8C5334299,2022-11-14 22:26:18,2022-11-14 22:58:18,ac,94.5
8GC36P4G+AG,WBAYA8C56ED487482,2022-11-05 09:14:28,2022-11-05 10:55:28,dc,91.4
8GC36P4G+AH,3MZBM1K75EM228770,2022-10-22 17:25:40,2022-10-22 18:47:40,ac,56.1
8GC36P4G+AI,2G4WE567451192284,2022-12-02 07:31:17,2022-12-02 08:52:17,ac,94.9
8GC36P4G+AJ,3C4PDDDG9DT931848,2022-10-27 06:34:29,,ac,78.8
8GC32Q3R+AA,YV1902MD6F1792135,2022-10-09 04:13:42,2022-10-09 04:50:42,dc,66.3
8GC32Q3R+AB,19UUA65584A430768,2022-12-17 13:06:13,2022-12-17 14:07:13,ac,24.7
8GC32Q3R+AC,JTEBU5JR6E5522614,2022-12-04 15:52:33,2022-12-04 16:33:33,dc,67.6
8GC32Q3R+AD,1HGCR2E33FA913616,2022-12-10 17:35:40,2022-12-10 18:50:40,dc,49.3
8GC32Q3R+AE,5N1AA0NCXDN829652,2022-10-22 13:55:47,2022-10-22 14:41:47,ac,11.3
8GC32Q3R+AF,JTEBU5JR8C5334299,2022-11-09 20:12:01,2022-11-09 21:29:01,ac,13.2
8GC32Q3R+AG,WBAYA8C56ED487482,2022-11-03 11:38:47,2022-11-03 13:22:47,ac,93.2
8GC32Q3R+AH,3MZBM1K75EM228770,2022-11-04 05:18:01,2022-11-04 06:52:01,dc,79.2
8GC32Q3R+AI,2G4WE567451192284,2022-12-25 18:21:00,2022-12-25 19:00:00,ac,57.0
8GC32Q3R+AJ,3C4PDDDG9DT931848,2022-11-19 15:14:49,2022-11-19 17:07:49,dc,15.9
8GC42GFM+AA,YV1902MD6F1792135,2022-10-15 22:44:01,2022-10-16 00:01:01,ac,46.6
8GC42GFM+AB,19UUA65584A430768,2022-10-02 07:06:24,2022-10-02 07:57:24,ac,66.7
8GC42GFM+AC,JTEBU5JR6E5522614,2022-10-29 16:43:49,2022-10-29 17:53:49,dc,84.7
8GC42GFM+AD,1HGCR2E33FA913616,2022-10-05 11:00:20,2022-10-05 12:42:20,dc,51.9
8GC42GFM+AE,5N1AA0NCXDN829652,2022-11-03 06:51:50,2022-11-03 08:47:50,ac,13.9
8GC42GFM+AF,JTEBU5JR8C5334299,2022-11-18 05:15:11,2022-11-18 06:11:11,ac,17.1
8GC42GFM+AG,WBAYA8C56ED487482,2022-12-23 02:11:58,2022-12-23 03:31:58,dc,24.6
8GC42GFM+AH,3MZBM1K75EM228770,2022-12-08 02:19:51,2022-12-08 04:14:51,dc,16.9
8GC42GFM+AI,2G4WE567451192284,2022-12-17 11:59:30,2022-12-17 12:30:30,dc,98.3
8GC42GFM+AJ,3C4PDDDG9DT931848,2022-10-08 23:27:19,2022-10-09 01:23:19,dc,92.3
8G93QM2G+AA,YV1902MD6F1792135,2022-11-08 22:31:30,2022-11-08 23:40:30,dc,34.2
8G93QM2G+AB,19UUA65584A430768,2022-11-21 14:57:49,2022-11-21 16:55:49,ac,46.9
8G93QM2G+AC,JTEBU5JR6E5522614,2022-12-18 06:49:29,2022-12-18 08:40:29,ac,83.3
8G93QM2G+AD,1HGCR2E33FA913616,2022-10-22 15:38:41,2022-10-22 17:34:41,dc,81.3
8G93QM2G+AE,5N1AA0NCXDN829652,2022-10-02 03:54:41,2022-10-02 04:42:41,dc,57.7
8G93QM2G+AF,JTEBU5JR8C5334299,2022-12-23 23:13:19,2022-12-24 00:05:19,ac,52.3
8G93QM2G+AG,WBAYA8C56ED487482,2022-11-30 12:14:19,2022-11-30 13:18:19,dc,89.2
8G93QM2G+AH,3MZBM1K75EM228770,2022-12-10 23:53:32,2022-12-11 01:23:32,ac,85.2
8G93QM2G+AI,2G4WE567451192284,2022-11-12 02:26:08,2022-11-12 04:00:08,ac,82.4
8G93QM2G+AJ,3C4PDDDG9DT931848,2022-10-06 03:32:13,2022-10-06 04:25:13,ac,87.3
8G94PC3H+AA,YV1902MD6F1792135,2022-11-03 10:42:35,,ac,6.3
8G94PC3H+AB,19UUA65584A430768,2022-12-25 23:20:58,2022-12-26 00:04:58,dc,79.6
8G94PC3H+AC,JTEBU5JR6E5522614,2022-10-15 00:22:23,2022-10-15 01:02:23,dc,97.7
8G94PC3H+AD,1HGCR2E33FA913616,2022-12-20 09:46:36,2022-12-20 10:29:36,dc,15.3
8G94PC3H+AE,5N1AA0NCXDN829652,2022-12-25 23:41:46,2022-12-26 01:18:46,ac,25.2
8G94PC3H+AF,JTEBU5JR8C5334299,2022-12-06 05:41:56,2022-12-06 07:01:56,ac,9.5
8G94PC3H+AG,WBAYA8C56ED487482,2022-10-03 18:05:37,2022-10-03 19:06:37,ac,59.9
8G94PC3H+AH,3MZBM1K75EM228770,2022-10-09 11:03:20,2022-10-09 11:53:20,ac,25.1
8G94PC3H+AI,2G4WE567451192284,2022-10-31 07:10:20,2022-10-31 08:09:20,ac,68.2
8G94PC3H+AJ,3C4PDDDG9DT931848,2022-10-21 03:28:50,,ac,56.3
8G94H2XQ+AA,YV1902MD6F1792135,2022-11-27 23:30:49,,dc,50.3
8G94H2XQ+AB,19UUA65584A430768,2022-12-19 12:34:55,2022-12-19 13:36:55,ac,34.4
8G94H2XQ+AC,JTEBU5JR6E5522614,2022-10-29 22:43:49,2022-10-29 23:15:49,ac,65.2
8G94H2XQ+AD,1HGCR2E33FA913616,2022-12-22 04:45:48,2022-12-22 06:14:48,ac,92.7
8G94H2XQ+AE,5N1AA0NCXDN829652,2022-10-18 08:34:58,2022-10-18 09:20:58,ac,49.8
8G94H2XQ+AF,JTEBU5JR8C5334299,2022-12-20 04:57:35,,ac,90.7
8G94H2XQ+AG,WBAYA8C56ED487482,2022-12-22 22:32:49,2022-12-23 00:25:49,dc,49.9
8G94H2XQ+AH,3MZBM1K75EM228770,2022-12-03 16:08:21,2022-12-03 17:52:21,ac,62.3
8G94H2XQ+AI,2G4WE567451192284,2022-12-26 17:08:17,2022-12-26 18:57:17,dc,73.3
8G94H2XQ+AJ,3C4PDDDG9DT931848,2022-12-22 21:33:51,2022-12-22 22:13:51,dc,9.8
8G95Q246+AA,YV1902MD6F1792135,2022-10-22 00:20:13,2022-10-22 02:03:13,ac,96.1
8G95Q246+AB,19UUA65584A430768,2022-10-22 14:20:05,,ac,42.5
8G95Q246+AC,JTEBU5JR6E5522614,2022-12-10 19:48:43,2022-12-10 20:57:43,dc,25.3
8G95Q246+AD,1HGCR2E33FA913616,2022-10-03 19:43:31,2022-10-03 21:28:31,ac,20.4
8G95Q246+AE,5N1AA0NCXDN829652,2022-12-14 00:40:53,2022-12-14 01:56:53,ac,65.7
8G95Q246+AF,JTEBU5JR8C5334299,2022-11-03 08:48:42,2022-11-03 10:30:42,ac,32.4
8G95Q246+AG,WBAYA8C56ED487482,2022-11-17 16:46:25,2022-11-17 17:51:25,dc,61.4
8G95Q246+AH,3MZBM1K75EM228770,2022-11-08 01:47:53,2022-11-08 02:45:53,dc,49.0
8G95Q246+AI,2G4WE567451192284,2022-11-26 10:28:34,2022-11-26 11:02:34,ac,96.3
8G95Q246+AJ,3C4PDDDG9DT931848,2022-11-14 17:02:38,2022-11-14 18:10:38,dc,56.0
8GC37QPP+AA,YV1902MD6F1792135,2022-12-13 00:52:00,2022-12-13 02:11:00,dc,95.5
8GC37QPP+AB,19UUA65584A430768,2022-11-03 00:51:46,2022-11-03 02:10:46,ac,62.9
8GC37QPP+AC,JTEBU5JR6E5522614,2022-11-14 04:55:36,2022-11-14 06:55:36,dc,39.8
8GC37QPP+AD,1HGCR2E33FA913616,2022-12-16 23:10:54,2022-12-17 00:02:54,dc,59.5
8GC37QPP+AE,5N1AA0NCXDN829652,2022-12-19 17:04:15,2022-12-19 18:59:15,dc,22.6
8GC37QPP+AF,JTEBU5JR8C5334299,2022-10-12 14:49:01,2022-10-12 15:53:01,ac,62.4
8GC37QPP+AG,WBAYA8C56ED487482,2022-12-19 05:12:44,,dc,99.5
8GC37QPP+AH,3MZBM1K75EM228770,2022-11-06 13:47:09,,ac,24.8
8GC37QPP+AI,2G4WE567451192284,2022-12-27 09:09:17,2022-12-27 09:49:17,dc,99.2
8GC37QPP+AJ,3C4PDDDG9DT931848,2022-11-24 00:53:17,,ac,62.5
8GC36PWP+AA,YV1902MD6F1792135,2022-12-09 09:36:58,2022-12-09 11:06:58,dc,54.0
8GC36PWP+AB,19UUA65584A430768,2022-10-21 04:16:58,2022-10-21 06:10:58,ac,90.0
8GC36PWP+AC,JTEBU5JR6E5522614,2022-11-08 16:04:22,2022-11-08 17:37:22,dc,52.1
8GC36PWP+AD,1HGCR2E33FA913616,2022-12-05 17:05:27,2022-12-05 18:21:27,ac,55.6
8GC36PWP+AE,5N1AA0NCXDN829652,2022-10-13 08:08:24,2022-10-13 09:47:24,ac,95.5
8GC36PWP+AF,JTEBU5JR8C5334299,2022-10-28 20:25:29,2022-10-28 21:16:29,ac,53.0
8GC36PWP+AG,WBAYA8C56ED487482,2022-10-23 14:33:42,,dc,54.1
8GC36PWP+AH,3MZBM1K75EM228770,2022-12-26 14:21:48,,dc,52.5
8GC36PWP+AI,2G4WE567451192284,2022-10-20 20:44:59,2022-10-20 22:18:59,ac,46.3
8GC36PWP+AJ,3C4PDDDG9DT931848,2022-10-12 03:20:38,2022-10-12 04:05:38,ac,7.7
8GC36P4G+AA,YV1902MD6F1792135,2022-11-22 04:15:28,2022-11-22 04:47:28,ac,16.4
8GC36P4G+AB,19UUA65584A430768,2022-11-04 04:49:08,2022-11-04 06:36:08,dc,85.8
8GC36P4G+AC,JTEBU5JR6E5522614,2022-11-11 14:42:43,2022-11-11 15:52:43,ac,6.1
8GC36P4G+AD,1HGCR2E33FA913616,2022-12-17 21:21:26,2022-12-17 23:16:26,dc,57.8
8GC36P4G+AE,5N1AA0NCXDN829652,2022-10-29 10:53:29,2022-10-29 12:45:29,dc,55.8
8GC36P4G+AF,JTEBU5JR8C5334299,2022-12-20 08:06:44,2022-12-20 09:01:44,ac,67.4
8GC36P4G+AG,WBAYA8C56ED487482,2022-10-03 04:53:29,2022-10-03 06:17:29,dc,57.9
8GC36P4G+AH,3MZBM1K75EM228770,2022-12-25 18:31:39,2022-12-25 20:11:39,dc,95.2
8GC36P4G+AI,2G4WE567451192284,2022-12-21 01:52:50,2022-12-21 03:51:50,dc,80.5
8GC36P4G+AJ,3C4PDDDG9DT931848,2022-11-25 20:29:52,2022-11-25 21:04:52,ac,86.1
8GC32Q3R+AA,YV1902MD6F1792135,2022-12-10 08:50:10,2022-12-10 10:38:10,dc,29.3
8GC32Q3R+AB,19UUA65584A430768,2022-11-28 04:57:45,2022-11-28 05:31:45,dc,65.4
8GC32Q3R+AC,JTEBU5JR6E5522614,2022-11-06 10:31:53,2022-11-06 12:13:53,dc,59.2
8GC32Q3R+AD,1HGCR2E33FA913616,2022-12-22 02:05:44,2022-12-22 03:18:44,ac,44.3
8GC32Q3R+AE,5N1AA0NCXDN829652,2022-12-12 18:55:45,2022-12-12 20:50:45,dc,15.8
8GC32Q3R+AF,JTEBU5JR8C5334299,2022-12-20 07:31:35,2022-12-20 08:23:35,dc,68.3
8GC32Q3R+AG,WBAYA8C56ED487482,2022-10-18 10:25:39,2022-10-18 12:10:39,ac,40.8
8GC32Q3R+AH,3MZBM1K75EM228770,2022-10-03 12:54:19,,ac,20.4
8GC32Q3R+AI,2G4WE567451192284,2022-10-13 00:09:59,2022-10-13 01:45:59,dc,90.5
8GC32Q3R+AJ,3C4PDDDG9DT931848,2022-12-05 17:37:43,,ac,31.0
8GC42GFM+AA,YV1902MD6F1792135,2022-10-17 14:49:37,2022-10-17 16:39:37,dc,5.0
8GC42GFM+AB,19UUA65584A430768,2022-11-27 17:33:45,,ac,97.8
8GC42GFM+AC,JTEBU5JR6E5522614,2022-11-16 10:42:53,2022-11-16 11:44:53,dc,72.1
8GC42GFM+AD,1HGCR2E33FA913616,2022-10-12 18:55:45,2022-10-12 19:50:45,ac,39.6
8GC42GFM+AE,5N1AA0NCXDN829652,2022-11-25 16:01:04,2022-11-25 16:58:04,dc,10.7
8GC42GFM+AF,JTEBU5JR8C5334299,2022-11-02 09:26:09,2022-11-02 10:03:09,ac,74.7
8GC42GFM+AG,WBAYA8C56ED487482,2022-12-19 08:20:26,2022-12-19 09:36:26,dc,30.5
8GC42GFM+AH,3MZBM1K75EM228770,2022-10-19 11:51:11,2022-10-19 13:27:11,ac,69.2
8GC42GFM+AI,2G4WE567451192284,2022-11-15 23:35:49,2022-11-16 00:44:49,ac,23.4
8GC42GFM+AJ,3C4PDDDG9DT931848,2022-12-19 17:32:07,2022-12-19 19:26:07,ac,81.1
8G93QM2G+AA,YV1902MD6F1792135,2022-10-24 09:11:09,2022-10-24 10:26:09,dc,20.7
8G93QM2G+AB,19UUA65584A430768,2022-11-11 21:50:37,2022-11-11 23:13:37,ac,29.6
8G93QM2G+AC,JTEBU5JR6E5522614,2022-11-17 17:18:03,2022-11-17 19:08:03,dc,43.3
8G93QM2G+AD,1HGCR2E33FA913616,2022-12-14 11:52:22,2022-12-14 12:31:22,ac,38.7
8G93QM2G+AE,5N1AA0NCXDN829652,2022-12-25 03:43:15,2022-12-25 05:16:15,dc,81.5
8G93QM2G+AF,JTEBU5JR8C5334299,2022-12-11 23:29:40,2022-12-12 01:11:40,dc,78.9
8G93QM2G+AG,WBAYA8C56ED487482,2022-10-10 21:25:50,2022-10-10 22:30:50,ac,85.8
8G93QM2G+AH,3MZBM1K75EM228770,2022-11-03 13:37:32,2022-11-03 14:43:32,dc,57.2
8G93QM2G+AI,2G4WE567451192284,2022-11-18 07:50:56,2022-11-18 09:12:56,ac,23.2
8G93QM2G+AJ,3C4PDDDG9DT931848,2022-11-03 08:32:24,2022-11-03 09:51:24,ac,33.4
8G94PC3H+AA,YV1902MD6F1792135,2022-12-23 03:24:08,2022-12-23 05:01:08,ac,64.5
8G94PC3H+AB,19UUA65584A430768,2022-11-25 13:24:04,2022-11-25 15:03:04,dc,31.3
8G94PC3H+AC,JTEBU5JR6E5522614,2022-11-27 00:00:50,2022-11-27 00:51:50,dc,7.8
8G94PC3H+AD,1HGCR2E33FA913616,2022-10-11 09:44:24,2022-10-11 11:37:24,dc,45.5
8G94PC3H+AE,5N1AA0NCXDN829652,2022-10-10 05:40:55,2022-10-10 06:49:55,dc,6.5
8G94PC3H+AF,JTEBU5JR8C5334299,2022-12-03 14:55:31,2022-12-03 16:43:31,ac,93.2
8G94PC3H+AG,WBAYA8C56ED487482,2022-12-06 20:00:38,2022-12-06 21:55:38,ac,71.8
8G94PC3H+AH,3MZBM1K75EM228770,2022-11-30 10:45:09,2022-11-30 11:38:09,dc,40.0
8G94PC3H+AI,2G4WE567451192284,2022-10-18 22:25:32,2022-10-18 23:07:32,ac,84.2
8G94PC3H+AJ,3C4PDDDG9DT931848,2022-12-01 02:34:32,2022-12-01 03:39:32,ac,42.3
8G94H2XQ+AA,YV1902MD6F1792135,2022-10-06 10:59:55,2022-10-06 12:27:55,ac,43.3
8G94H2XQ+AB,19UUA65584A430768,2022-11-12 23:31:54,2022-11-13 00:59:54,dc,24.6
8G94H2XQ+AC,JTEBU5JR6E5522614,2022-10-15 23:43:06,2022-10-16 01:30:06,ac,47.3
8G94H2XQ+AD,1HGCR2E33FA913616,2022-11-16 06:36:32,2022-11-16 07:54:32,ac,61.4
8G94H2XQ+AE,5N1AA0NCXDN829652,2022-12-12 02:04:05,,dc,10.8
8G94H2XQ+AF,JTEBU5JR8C5334299,2022-12-07 07:50:01,2022-12-07 09:23:01,dc,69.6
8G94H2XQ+AG,WBAYA8C56ED487482,2022-10-17 11:35:06,2022-10-17 12:55:06,dc,86.6
8G94H2XQ+AH,3MZBM1K75EM228770,2022-10-30 09:38:59,2022-10-30 10:28:59,ac,81.1
8G94H2XQ+AI,2G4WE567451192284,2022-11-25 00:39:16,2022-11-25 01:12:16,dc,36.6
8G94H2XQ+AJ,3C4PDDDG9DT931848,2022-11-29 02:09:30,2022-11-29 03:31:30,ac,27.9
8G95Q246+AA,YV1902MD6F1792135,2022-11-14 08:09:20,2022-11-14 09:00:20,ac,25.2
8G95Q246+AB,19UUA65584A430768,2022-10-02 09:55:54,2022-10-02 10:46:54,ac,73.0
8G95Q246+AC,JTEBU5JR6E5522614,2022-10-21 01:51:01,2022-10-21 02:45:01,dc,35.0
8G95Q246+AD,1HGCR2E33FA913616,2022-12-06 13:04:51,2022-12-06 13:47:51,ac,44.1
8G95Q246+AE,5N1AA0NCXDN829652,2022-11-15 19:41:21,2022-11-15 21:36:21,dc,7.6
8G95Q246+AF,JTEBU5JR8C5334299,2022-10-09 23:35:29,2022-10-10 01:16:29,ac,28.5
8G95Q246+AG,WBAYA8C56ED487482,2022-11-26 02:55:59,2022-11-26 03:32:59,dc,29.6
8G95Q246+AH,3MZBM1K75EM228770,2022-11-12 13:32:41,2022-11-12 14:25:41,ac,11.6
8G95Q246+AI,2G4WE567451192284,2022-11-06 11:59:14,2022-11-06 13:05:14,ac,93.9
8G95Q246+AJ,3C4PDDDG9DT931848,2022-12-14 22:42:37,2022-12-14 23:25:37,dc,35.7
8GC37QPP+AA,YV1902MD6F1792135,2022-11-03 21:42:41,2022-11-03 23:39:41,dc,30.7
8GC37QPP+AB,19UUA65584A430768,2022-10-14 15:05:44,2022-10-14 16:07:44,dc,64.6
8GC37QPP+AC,JTEBU5JR6E5522614,2022-10-08 07:28:01,2022-10-08 08:02:01,dc,43.9
8GC37QPP+AD,1HGCR2E33FA913616,2022-10-24 15:13:29,2022-10-24 17:08:29,dc,42.1
8GC37QPP+AE,5N1AA0NCXDN829652,2022-10-09 18:10:17,2022-10-09 19:43:17,dc,21.9
8GC37QPP+AF,JTEBU5JR8C5334299,2022-12-21 19:30:43,2022-12-21 21:23:43,dc,81.5
8GC37QPP+AG,WBAYA8C56ED487482,2022-12-24 17:12:37,2022-12-24 18:37:37,ac,29.3
8GC37QPP+AH,3MZBM1K75EM228770,2022-12-05 20:03:54,2022-12-05 20:39:54,dc,47.4
8GC37QPP+AI,2G4WE567451192284,2022-11-19 22:29:36,2022-11-19 23:16:36,dc,59.4
8GC37QPP+AJ,3C4PDDDG9DT931848,2022-10-30 01:26:11,2022-10-30 02:27:11,dc,50.3
8GC36PWP+AA,YV1902MD6F1792135,2022-12-10 13:52:11,2022-12-10 14:41:11,dc,87.8
8GC36PWP+AB,19UUA65584A430768,2022-11-02 13:17:42,2022-11-02 14:37:42,ac,92.2
8GC36PWP+AC,JTEBU5JR6E5522614,2022-10-18 16:18:12,2022-10-18 18:16:12,dc,13.7
8GC36PWP+AD,1HGCR2E33FA913616,2022-11-30 03:16:41,,ac,78.8
8GC36PWP+AE,5N1AA0NCXDN829652,2022-12-24 05:47:42,2022-12-24 06:55:42,dc,34.6
8GC36PWP+AF,JTEBU5JR8C5334299,2022-10-24 22:14:12,2022-10-24 23:21:12,dc,92.6
8GC36PWP+AG,WBAYA8C56ED487482,2022-10-17 19:55:49,2022-10-17 21:47:49,dc,73.3
8GC36PWP+AH,3MZBM1K75EM228770,2022-10-16 21:13:38,2022-10-16 23:09:38,ac,21.8
8GC36PWP+AI,2G4WE567451192284,2022-11-21 13:53:34,2022-11-21 15:41:34,dc,68.6
8GC36PWP+AJ,3C4PDDDG9DT931848,2022-10-23 19:34:41,2022-10-23 21:22:41,dc,51.8
8GC36P4G+AA,YV1902MD6F1792135,2022-12-21 23:08:05,2022-12-22 00:44:05,ac,68.9
8GC36P4G+AB,19UUA65584A430768,2022-10-15 03:42:27,2022-10-15 04:24:27,dc,20.8
8GC36P4G+AC,JTEBU5JR6E5522614,2022-11-18 13:06:45,2022-11-18 14:52:45,ac,26.4
8GC36P4G+AD,1HGCR2E33FA913616,2022-10-20 17:43:33,2022-10-20 19:13:33,dc,52.6
8GC36P4G+AE,5N1AA0NCXDN829652,2022-12-18 20:12:00,2022-12-18 20:46:00,dc,65.7
8GC36P4G+AF,JTEBU5JR8C5334299,2022-11-02 04:32:51,2022-11-02 05:04:51,ac,73.9
8GC36P4G+AG,WBAYA8C56ED487482,2022-10-06 19:01:14,2022-10-06 19:52:14,dc,16.9
8GC36P4G+AH,3MZBM1K75EM228770,2022-11-28 12:30:03,2022-11-28 13:54:03,ac,97.3
8GC36P4G+AI,2G4WE567451192284,2022-11-10 22:08:15,2022-11-10 23:13:15,dc,26.8
8GC36P4G+AJ,3C4PDDDG9DT931848,2022-10-10 12:46:17,2022-10-10 14:24:17,dc,23.2
8GC32Q3R+AA,YV1902MD6F1792135,2022-11-04 23:47:30,2022-11-05 01:08:30,dc,6.2
8GC32Q3R+AB,19UUA65584A430768,2022-12-17 21:13:06,,ac,37.9
8GC32Q3R+AC,JTEBU5JR6E5522614,2022-10-24 21:06:26,2022-10-24 22:38:26,dc,24.9
8GC32Q3R+AD,1HGCR2E33FA913616,2022-12-16 03:03:55,2022-12-16 03:42:55,ac,8.2
8GC32Q3R+AE,5N1AA0NCXDN829652,2022-11-25 08:12:17,2022-11-25 09:53:17,ac,22.9
8GC32Q3R+AF,JTEBU5JR8C5334299,2022-10-24 00:46:56,2022-10-24 02:13:56,ac,29.1
8GC32Q3R+AG,WBAYA8C56ED487482,2022-10-17 00:32:32,2022-10-17 01:46:32,ac,8.1
8GC32Q3R+AH,3MZBM1K75EM228770,2022-10-20 08:59:31,,dc,94.4
8GC32Q3R+AI,2G4WE567451192284,2022-11-10 06:40:38,2022-11-10 07:22:38,ac,79.1
8GC32Q3R+AJ,3C4PDDDG9DT931848,2022-12-25 13:33:28,,dc,97.8
8GC42GFM+AA,YV1902MD6F1792135,2022-12-10 15:58:07,2022-12-10 16:59:07,ac,30.1
8GC42GFM+AB,19UUA65584A430768,2022-11-28 12:01:05,2022-11-28 12:57:05,ac,83.9
8GC42GFM+AC,JTEBU5JR6E5522614,2022-12-11 12:28:03,2022-12-11 12:58:03,dc,9.7
8GC42GFM+AD,1HGCR2E33FA913616,2022-11-28 01:22:37,2022-11-28 02:17:37,ac,54.0
8GC42GFM+AE,5N1AA0NCXDN829652,2022-10-04 12:47:08,2022-10-04 13:30:08,ac,88.2
8GC42GFM+AF,JTEBU5JR8C5334299,2022-11-28 14:21:14,2022-11-28 16:10:14,ac,45.8
8GC42GFM+AG,WBAYA8C56ED487482,2022-11-23 06:31:14,2022-11-23 08:05:14,ac,35.1
8GC42GFM+AH,3MZBM1K75EM228770,2022-10-17 18:07:06,,ac,34.6
8GC42GFM+AI,2G4WE567451192284,2022-12-13 19:38:58,2022-12-13 20:09:58,dc,79.5
8GC42GFM+AJ,3C4PDDDG9DT931848,2022-11-13 01:59:42,2022-11-13 02:32:42,ac,29.3
8G93QM2G+AA,YV1902MD6F1792135,2022-11-19 14:22:51,,ac,65.4
8G93QM2G+AB,19UUA65584A430768,2022-12-13 20:15:41,2022-12-13 20:58:41,ac,75.2
8G93QM2G+AC,JTEBU5JR6E5522614,2022-11-19 19:48:24,2022-11-19 20:27:24,dc,74.5
8G93QM2G+AD,1HGCR2E33FA913616,2022-10-11 02:22:35,2022-10-11 03:32:35,dc,81.7
8G93QM2G+AE,5N1AA0NCXDN829652,2022-11-27 04:15:59,2022-11-27 05:22:59,dc,8.2
8G93QM2G+AF,JTEBU5JR8C5334299,2022-10-15 20:19:26,2022-10-15 21:10:26,dc,84.8
8G93QM2G+AG,WBAYA8C56ED487482,2022-11-07 23:22:41,2022-11-08 00:42:41,dc,46.7
8G93QM2G+AH,3MZBM1K75EM228770,2022-10-01 11:25:30,2022-10-01 12:47:30,ac,92.5
8G93QM2G+AI,2G4WE567451192284,2022-11-25 17:16:34,2022-11-25 18:41:34,ac,44.1
8G93QM2G+AJ,3C4PDDDG9DT931848,2022-10-06 18:29:07,2022-10-06 19:34:07,ac,43.3
8G94PC3H+AA,YV1902MD6F1792135,2022-12-13 09:25:17,2022-12-13 11:12:17,dc,64.4
8G94PC3H+AB,19UUA65584A430768,2022-10-30 21:26:34,2022-10-30 22:31:34,ac,77.2
8G94PC3H+AC,JTEBU5JR6E5522614,2022-10-18 05:19:37,2022-10-18 06:07:37,dc,78.1
8G94PC3H+AD,1HGCR2E33FA913616,2022-12-26 23:13:43,2022-12-27 01:09:43,dc,83.4
8G94PC3H+AE,5N1AA0NCXDN829652,2022-12-11 01:05:07,2022-12-11 02:16:07,ac,63.7
8G94PC3H+AF,JTEBU5JR8C5334299,2022-10-18 16:24:09,2022-10-18 18:24:09,ac,91.7
8G94PC3H+AG,WBAYA8C56ED487482,2022-11-19 12:48:04,2022-11-19 14:14:04,ac,37.6
8G94PC3H+AH,3MZBM1K75EM228770,2022-11-10 13:34:44,,dc,62.7
8G94PC3H+AI,2G4WE567451192284,2022-12-05 13:37:02,2022-12-05 15:08:02,ac,65.5
8G94PC3H+AJ,3C4PDDDG9DT931848,2022-12-08 16:34:42,2022-12-08 18:07:42,ac,47.4
8G94H2XQ+AA,YV1902MD6F1792135,2022-10-02 14:04:40,2022-10-02 15:13:40,ac,9.1
8G94H2XQ+AB,19UUA65584A430768,2022-11-26 22:05:29,2022-11-26 23:10:29,ac,73.7
8G94H2XQ+AC,JTEBU5JR6E5522614,2022-10-20 00:24:39,2022-10-20 02:05:39,dc,58.6
8G94H2XQ+AD,1HGCR2E33FA913616,2022-11-12 01:32:30,,dc,79.3
8G94H2XQ+AE,5N1AA0NCXDN829652,2022-12-15 12:24:34,2022-12-15 14:17:34,dc,64.4
8G94H2XQ+AF,JTEBU5JR8C5334299,2022-10-28 16:41:06,2022-10-28 18:16:06,dc,65.9
8G94H2XQ+AG,WBAYA8C56ED487482,2022-12-20 04:54:18,2022-12-20 06:26:18,ac,29.5
8G94H2XQ+AH,3MZBM1K75EM228770,2022-12-17 09:23:42,2022-12-17 11:17:42,dc,50.3
8G94H2XQ+AI,2G4WE567451192284,2022-11-14 23:14:30,2022-11-15 00:52:30,dc,70.4
8G94H2XQ+AJ,3C4PDDDG9DT931848,2022-10-22 07:59:22,2022-10-22 09:54:22,dc,19.6
8G95Q246+AA,YV1902MD6F1792135,2022-11-21 20:58:35,2022-11-21 22:50:35,ac,44.5
8G95Q246+AB,19UUA65584A430768,2022-11-03 20:09:02,2022-11-03 21:51:02,ac,37.5
8G95Q246+AC,JTEBU5JR6E5522614,2022-10-22 15:30:43,2022-10-22 17:02:43,dc,18.2
8G95Q246+AD,1HGCR2E33FA913616,2022-11-30 23:20:17,2022-11-30 23:56:17,ac,62.3
8G95Q246+AE,5N1AA0NCXDN829652,2022-11-30 02:19:52,,dc,41.8
8G95Q246+AF,JTEBU5JR8C5334299,2022-10-07 02:49:26,2022-10-07 04:24:26,ac,66.7
8G95Q246+AG,WBAYA8C56ED487482,2022-12-19 08:03:40,2022-12-19 10:02:40,dc,61.9
8G95Q246+AH,3MZBM1K75EM228770,2022-12-18 07:21:09,2022-12-18 08:16:09,dc,60.0
8G95Q246+AI,2G4WE567451192284,2022-10-28 03:21:32,2022-10-28 04:00:32,dc,19.9
8G95Q246+AJ,3C4PDDDG9DT931848,2022-10-19 00:03:34,,dc,45.3
8GC37QPP+AA,YV1902MD6F1792135,2022-11-25 09:30:27,2022-11-25 11:06:27,ac,87.8
8GC37QPP+AB,19UUA65584A430768,2022-12-12 16:22:34,2022-12-12 17:32:34,ac,38.5
8GC37QPP+AC,JTEBU5JR6E5522614,2022-11-02 22:21:31,2022-11-02 23:13:31,dc,91.0
8GC37QPP+AD,1HGCR2E33FA913616,2022-11-05 16:05:45,2022-11-05 17:25:45,ac,19.6
8GC37QPP+AE,5N1AA0NCXDN829652,2022-11-21 20:51:27,2022-11-21 21:26:27,ac,83.9
8GC37QPP+AF,JTEBU5JR8C5334299,2022-11-05 21:20:33,2022-11-05 23:11:33,dc,51.4
8GC37QPP+AG,WBAYA8C56ED487482,2022-10-31 12:16:44,2022-10-31 13:11:44,dc,96.7
8GC37QPP+AH,3MZBM1K75EM228770,2022-11-14 20:02:57,2022-11-14 21:46:57,ac,56.8
8GC37QPP+AI,2G4WE567451192284,2022-12-01 18:34:03,2022-12-01 20:34:03,ac,87.0
8GC37QPP+AJ,3C4PDDDG9DT931848,2022-11-09 16:25:47,2022-11-09 17:53:47,dc,48.7
8GC36PWP+AA,YV1902MD6F1792135,2022-10-13 16:28:36,,dc,88.2
8GC36PWP+AB,19UUA65584A430768,2022-10-04 22:32:24,2022-10-04 23:45:24,dc,91.2
8GC36PWP+AC,JTEBU5JR6E5522614,2022-10-29 22:15:32,2022-10-29 23:33:32,ac,21.3
8GC36PWP+AD,1HGCR2E33FA913616,2022-10-03 14:10:09,2022-10-03 15:50:09,ac,31.6
8GC36PWP+AE,5N1AA0NCXDN829652,2022-12-18 17:18:17,2022-12-18 18:28:17,dc,90.4
8GC36PWP+AF,JTEBU5JR8C5334299,2022-12-08 01:20:50,2022-12-08 02:48:50,dc,6.0
8GC36PWP+AG,WBAYA8C56ED487482,2022-10-26 21:38:45,2022-10-26 22:39:45,dc,75.2
8GC36PWP+AH,3MZBM1K75EM228770,2022-11-07 20:19:42,2022-11-07 21:47:42,ac,97.5
8GC36PWP+AI,2G4WE567451192284,2022-11-07 23:15:05,2022-11-07 23:53:05,dc,63.5
8GC36PWP+AJ,3C4PDDDG9DT931848,2022-11-10 09:16:01,2022-11-10 10:04:01,ac,82.8
8GC36P4G+AA,YV1902MD6F1792135,2022-11-07 14:44:33,2022-11-07 16:31:33,dc,7.1
8GC36P4G+AB,19UUA65584A430768,2022-10-14 17:42:21,2022-10-14 19:27:21,dc,98.1
8GC36P4G+AC,JTEBU5JR6E5522614,2022-11-05 12:25:09,2022-11-05 13:50:09,ac,86.1
8GC36P4G+AD,1HGCR2E33FA913616,2022-12-01 07:59:09,2022-12-01 08:32:09,dc,67.6
8GC36P4G+AE,5N1AA0NCXDN829652,2022-11-26 03:08:57,2022-11-26 03:40:57,dc,35.5
8GC36P4G+AF,JTEBU5JR8C5334299,2022-12-05 12:40:06,2022-12-05 13:40:06,ac,77.4
8GC36P4G+AG,WBAYA8C56ED487482,2022-10-01 13:50:45,2022-10-01 14:53:45,ac,67.6
8GC36P4G+AH,3MZBM1K75EM228770,2022-11-17 09:10:13,2022-11-17 10:19:13,ac,71.3
8GC36P4G+AI,2G4WE567451192284,2022-12-11 21:21:32,2022-12-11 22:53:32,dc,76.8
8GC36P4G+AJ,3C4PDDDG9DT931848,2022-10-26 19:33:55,2022-10-26 21:07:55,dc,91.1
8GC32Q3R+AA,YV1902MD6F1792135,2022-10-05 07:47:17,2022-10-05 08:23:17,ac,47.3
8GC32Q3R+AB,19UUA65584A430768,2022-12-04 07:22:42,2022-12-04 09:18:42,ac,86.1
8GC32Q3R+AC,JTEBU5JR6E5522614,2022-10-13 04:20:56,2022-10-13 05:48:56,ac,36.3
8GC32Q3R+AD,1HGCR2E33FA913616,2022-11-21 11:46:42,2022-11-21 12:44:42,ac,79.7
8GC32Q3R+AE,5N1AA0NCXDN829652,2022-11-10 11:57:48,2022-11-10 13:50:48,dc,70.5
8GC32Q3R+AF,JTEBU5JR8C5334299,2022-10-01 15:20:32,2022-10-01 16:56:32,ac,12.1
8GC32Q3R+AG,WBAYA8C56ED487482,2022-12-01 07:24:04,2022-12-01 08:21:04,ac,41.8
8GC32Q3R+AH,3MZBM1K75EM228770,2022-10-01 19:52:58,2022-10-01 20:45:58,dc,77.6
8GC32Q3R+AI,2G4WE567451192284,2022-12-12 21:54:06,2022-12-12 22:26:06,dc,40.4
8GC32Q3R+AJ,3C4PDDDG9DT931848,2022-12-12 07:38:16,2022-12-12 09:00:16,ac,28.6
8GC42GFM+AA,YV1902MD6F1792135,2022-10-08 22:43:51,2022-10-09 00:30:51,ac,77.3
8GC42GFM+AB,19UUA65584A430768,2022-12-11 22:46:00,2022-12-11 23:29:00,ac,8.4
8GC42GFM+AC,JTEBU5JR6E5522614,2022-12-13 21:11:34,2022-12-13 22:42:34,ac,96.5
8GC42GFM+AD,1HGCR2E33FA913616,2022-12-20 13:40:39,2022-12-20 14:39:39,dc,17.0
8GC42GFM+AE,5N1AA0NCXDN829652,2022-10-04 11:50:40,2022-10-04 12:53:40,ac,8.0
8GC42GFM+AF,JTEBU5JR8C5334299,2022-10-26 05:56:27,2022-10-26 07:29:27,ac,89.1
8GC42GFM+AG,WBAYA8C56ED487482,2022-11-12 13:00:11,2022-11-12 14:51:11,ac,34.5
8GC42GFM+AH,3MZBM1K75EM228770,2022-11-25 06:34:48,2022-11-25 08:34:48,dc,46.7
8GC42GFM+AI,2G4WE567451192284,2022-10-20 14:22:53,2022-10-20 15:39:53,ac,52.9
8GC42GFM+AJ,3C4PDDDG9DT931848,2022-11-12 17:52:16,2022-11-12 18:51:16,ac,94.2
8G93QM2G+AA,YV1902MD6F1792135,2022-11-10 05:59:57,2022-11-10 06:38:57,dc,33.3
8G93QM2G+AB,19UUA65584A430768,2022-10-17 21:29:30,2022-10-17 22:18:30,dc,14.3
8G93QM2G+AC,JTEBU5JR6E5522614,2022-11-07 13:34:10,2022-11-07 14:06:10,dc,49.9
8G93QM2G+AD,1HGCR2E33FA913616,2022-11-28 21:31:10,,dc,93.6
8G93QM2G+AE,5N1AA0NCXDN829652,2022-12-21 12:01:45,2022-12-21 12:53:45,ac,37.8
8G93QM2G+AF,JTEBU5JR8C5334299,2022-10-21 22:41:36,2022-10-21 23:42:36,ac,9.0
8G93QM2G+AG,WBAYA8C56ED487482,2022-11-30 01:47:37,2022-11-30 03:03:37,ac,24.5
8G93QM2G+AH,3MZBM1K75EM228770,2022-10-09 22:31:43,2022-10-09 23:22:43,dc,39.5
8G93QM2G+AI,2G4WE567451192284,2022-12-24 06:40:05,2022-12-24 07:24:05,dc,34.7
8G93QM2G+AJ,3C4PDDDG9DT931848,2022-11-07 21:22:49,2022-11-07 21:58:49,ac,39.3
8G94PC3H+AA,YV1902MD6F1792135,2022-11-28 07:03:32,2022-11-28 07:46:32,dc,80.0
8G94PC3H+AB,19UUA65584A430768,2022-10-31 11:20:57,2022-10-31 13:17:57,dc,63.1
8G94PC3H+AC,JTEBU5JR6E5522614,2022-11-08 21:02:39,2022-11-08 22:22:39,ac,90.2
8G94PC3H+AD,1HGCR2E33FA913616,2022-11-15 11:18:45,2022-11-15 13:00:45,ac,80.9
8G94PC3H+AE,5N1AA0NCXDN829652,2022-11-17 00:11:26,2022-11-17 01:17:26,ac,67.2
8G94PC3H+AF,JTEBU5JR8C5334299,2022-12-11 16:59:07,2022-12-11 18:20:07,ac,31.6
8G94PC3H+AG,WBAYA8C56ED487482,2022-12-22 02:21:49,2022-12-22 02:57:49,dc,45.3
8G94PC3H+AH,3MZBM1K75EM228770,2022-12-02 22:18:03,2022-12-03 00:17:03,dc,31.0
8G94PC3H+AI,2G4WE567451192284,2022-12-20 11:38:07,2022-12-20 12:20:07,dc,44.6
8G94PC3H+AJ,3C4PDDDG9DT931848,2022-10-29 22:17:53,2022-10-29 22:52:53,dc,17.1
8G94H2XQ+AA,YV1902MD6F1792135,2022-10-20 04:50:29,2022-10-20 06:19:29,dc,46.3
8G94H2XQ+AB,19UUA65584A430768,2022-11-03 11:06:54,2022-11-03 11:37:54,dc,96.4
8G94H2XQ+AC,JTEBU5JR6E5522614,2022-12-13 06:07:06,2022-12-13 06:40:06,dc,48.8
8G94H2XQ+AD,1HGCR2E33FA913616,2022-10-13 14:23:26,2022-10-13 16:22:26,ac,50.4
8G94H2XQ+AE,5N1AA0NCXDN829652,2022-11-19 13:16:18,2022-11-19 14:56:18,ac,59.2
8G94H2XQ+AF,JTEBU5JR8C5334299,2022-12-14 20:57:38,2022-12-14 21:45:38,dc,85.1
8G94H2XQ+AG,WBAYA8C56ED487482,2022-12-03 11:06:17,2022-12-03 13:00:17,dc,39.3
8G94H2XQ+AH,3MZBM1K75EM228770,2022-10-15 10:53:59,2022-10-15 11:33:59,ac,67.1
8G94H2XQ+AI,2G4WE567451192284,2022-10-16 07:58:05,2022-10-16 08:39:05,ac,92.4
8G94H2XQ+AJ,3C4PDDDG9DT931848,2022-10-30 09:31:23,,dc,92.5
8G95Q246+AA,YV1902MD6F1792135,2022-12-04 06:40:20,2022-12-04 07:44:20,ac,28.6
8G95Q246+AB,19UUA65584A430768,2022-11-18 14:59:03,2022-11-18 15:38:03,dc,91.9
8G95Q246+AC,JTEBU5JR6E5522614,2022-10-05 06:52:26,2022-10-05 08:24:26,ac,20.8
8G95Q246+AD,1HGCR2E33FA913616,2022-11-23 03:48:47,2022-11-23 05:20:47,dc,80.3
8G95Q246+AE,5N1AA0NCXDN829652,2022-10-11 16:36:21,2022-10-11 17:39:21,dc,64.2
8G95Q246+AF,JTEBU5JR8C5334299,2022-10-04 05:13:20,2022-10-04 06:26:20,ac,95.0
8G95Q246+AG,WBAYA8C56ED487482,2022-12-10 06:51:43,2022-12-10 07:24:43,ac,55.2
8G95Q246+AH,3MZBM1K75EM228770,2022-10-10 06:12:14,2022-10-10 06:56:14,dc,38.3
8G95Q246+AI,2G4WE567451192284,2022-10-31 04:55:30,2022-10-31 06:52:30,dc,28.6
8G95Q246+AJ,3C4PDDDG9DT931848,2022-10-11 16:53:57,2022-10-11 18:30:57,ac,80.6
8GC37QPP+AA,YV1902MD6F1792135,2022-12-26 06:29:12,2022-12-26 08:19:12,dc,35.2
8GC37QPP+AB,19UUA65584A430768,2022-11-19 10:37:57,2022-11-19 12:02:57,ac,47.6
8GC37QPP+AC,JTEBU5JR6E5522614,2022-11-29 14:43:42,2022-11-29 15:19:42,dc,84.1
8GC37QPP+AD,1HGCR2E33FA913616,2022-12-24 12:10:21,2022-12-24 13:46:21,dc,64.0
8GC37QPP+AE,5N1AA0NCXDN829652,2022-12-13 13:27:03,2022-12-13 14:06:03,ac,50.8
8GC37QPP+AF,JTEBU5JR8C5334299,2022-11-13 11:12:32,2022-11-13 13:09:32,ac,27.5
8GC37QPP+AG,WBAYA8C56ED487482,2022-10-01 17:05:43,2022-10-01 18:00:43,ac,55.7
8GC37QPP+AH,3MZBM1K75EM228770,2022-11-07 20:21:40,2022-11-07 22:03:40,ac,81.1
8GC37QPP+AI,2G4WE567451192284,2022-10-05 19:42:01,2022-10-05 21:18:01,ac,42.4
8GC37QPP+AJ,3C4PDDDG9DT931848,2022-12-08 09:24:31,2022-12-08 10:15:31,ac,93.6
8GC36PWP+AA,YV1902MD6F1792135,2022-10-14 23:24:55,2022-10-15 00:04:55,ac,16.7
8GC36PWP+AB,19UUA65584A430768,2022-12-01 06:40:45,2022-12-01 07:44:45,dc,60.3
8GC36PWP+AC,JTEBU5JR6E5522614,2022-11-29 03:48:55,2022-11-29 05:33:55,dc,49.4
8GC36PWP+AD,1HGCR2E33FA913616,2022-11-09 02:26:24,2022-11-09 03:47:24,dc,21.6
8GC36PWP+AE,5N1AA0NCXDN829652,2022-10-09 15:31:31,2022-10-09 16:13:31,dc,97.2
8GC36PWP+AF,JTEBU5JR8C5334299,2022-11-03 03:09:04,2022-11-03 04:01:04,ac,66.0
8GC36PWP+AG,WBAYA8C56ED487482,2022-10-31 00:54:52,2022-10-31 01:30:52,ac,47.3
8GC36PWP+AH,3MZBM1K75EM228770,2022-12-03 23:07:36,2022-12-04 00:18:36,ac,96.4
8GC36PWP+AI,2G4WE567451192284,2022-12-10 13:04:00,2022-12-10 13:59:00,dc,66.6
8GC36PWP+AJ,3C4PDDDG9DT931848,2022-11-27 15:12:23,2022-11-27 16:09:23,dc,66.7
8GC36P4G+AA,YV1902MD6F1792135,2022-12-05 23:28:26,2022-12-06 01:08:26,ac,90.6
8GC36P4G+AB,19UUA65584A430768,2022-10-05 06:53:18,2022-10-05 07:49:18,ac,32.3
8GC36P4G+AC,JTEBU5JR6E5522614,2022-10-29 16:29:17,2022-10-29 17:28:17,ac,34.7
8GC36P4G+AD,1HGCR2E33FA913616,2022-11-23 16:15:26,2022-11-23 16:45:26,dc,66.0
8GC36P4G+AE,5N1AA0NCXDN829652,2022-11-29 00:15:27,2022-11-29 01:37:27,ac,14.7
8GC36P4G+AF,JTEBU5JR8C5334299,2022-10-11 21:49:26,2022-10-11 23:01:26,ac,33.5
8GC36P4G+AG,WBAYA8C56ED487482,2022-10-10 18:48:54,2022-10-10 20:36:54,ac,88.4
8GC36P4G+AH,3MZBM1K75EM228770,2022-10-04 03:30:15,2022-10-04 05:04:15,ac,32.5
8GC36P4G+AI,2G4WE567451192284,2022-11-25 21:56:44,2022-11-25 23:02:44,ac,42.9
8GC36P4G+AJ,3C4PDDDG9DT931848,2022-12-06 04:03:57,2022-12-06 05:02:57,ac,19.1
8GC32Q3R+AA,YV1902MD6F1792135,2022-12-12 15:19:39,2022-12-12 16:44:39,dc,68.5
8GC32Q3R+AB,19UUA65584A430768,2022-10-09 18:57:37,2022-10-09 20:40:37,ac,70.3
8GC32Q3R+AC,JTEBU5JR6E5522614,2022-10-11 11:48:34,2022-10-11 13:46:34,ac,5.2
8GC32Q3R+AD,1HGCR2E33FA913616,2022-10-12 04:40:46,2022-10-12 05:13:46,ac,33.9
8GC32Q3R+AE,5N1AA0NCXDN829652,2022-12-06 21:26:17,2022-12-06 22:27:17,dc,91.3
8GC32Q3R+AF,JTEBU5JR8C5334299,2022-10-27 05:53:39,2022-10-27 07:17:39,ac,76.3
8GC32Q3R+AG,WBAYA8C56ED487482,2022-10-09 13:14:42,2022-10-09 14:52:42,ac,97.1
8GC32Q3R+AH,3MZBM1K75EM228770,2022-11-26 12:30:15,2022-11-26 13:41:15,ac,75.6
8GC32Q3R+AI,2G4WE567451192284,2022-10-03 12:39:41,2022-10-03 14:19:41,dc,36.3
8GC32Q3R+AJ,3C4PDDDG9DT931848,2022-12-23 16:11:00,2022-12-23 17:07:00,dc,21.2
8GC42GFM+AA,YV1902MD6F1792135,2022-11-10 16:16:11,2022-11-10 18:14:11,dc,99.8
8GC42GFM+AB,19UUA65584A430768,2022-11-08 09:23:47,2022-11-08 11:00:47,ac,59.7
8GC42GFM+AC,JTEBU5JR6E5522614,2022-11-13 23:01:18,2022-11-14 00:04:18,ac,62.8
8GC42GFM+AD,1HGCR2E33FA913616,2022-12-26 11:49:58,2022-12-26 12:31:58,dc,64.3
8GC42GFM+AE,5N1AA0NCXDN829652,2022-11-21 08:54:00,2022-11-21 09:29:00,dc,90.0
8GC42GFM+AF,JTEBU5JR8C5334299,2022-11-26 16:47:15,2022-11-26 18:26:15,ac,65.6
8GC42GFM+AG,WBAYA8C56ED487482,2022-12-24 08:47:59,,dc,79.7
8GC42GFM+AH,3MZBM1K75EM228770,2022-12-05 03:17:24,2022-12-05 04:17:24,dc,93.2
8GC42GFM+AI,2G4WE567451192284,2022-10-01 04:10:36,2022-10-01 04:54:36,ac,59.8
8GC42GFM+AJ,3C4PDDDG9DT931848,2022-11-23 14:37:48,2022-11-23 15:51:48,ac,71.0
8G93QM2G+AA,YV1902MD6F1792135,2022-11-11 03:13:58,2022-11-11 03:44:58,ac,73.6
8G93QM2G+AB,19UUA65584A430768,2022-10-11 23:34:17,2022-10-12 00:27:17,ac,84.4
8G93QM2G+AC,JTEBU5JR6E5522614,2022-12-27 01:40:30,2022-12-27 03:13:30,ac,12.3
8G93QM2G+AD,1HGCR2E33FA913616,2022-10-03 11:38:16,2022-10-03 13:04:16,dc,91.8
8G93QM2G+AE,5N1AA0NCXDN829652,2022-10-10 23:06:12,2022-10-11 00:38:12,ac,19.2
8G93QM2G+AF,JTEBU5JR8C5334299,2022-12-02 10:40:01,2022-12-02 11:23:01,dc,20.4
8G93QM2G+AG,WBAYA8C56ED487482,2022-11-12 04:23:02,2022-11-12 06:17:02,dc,51.7
8G93QM2G+AH,3MZBM1K75EM228770,2022-11-24 06:25:47,2022-11-24 07:19:47,ac,12.4
8G93QM2G+AI,2G4WE567451192284,2022-12-19 23:22:41,,ac,9.9
8G93QM2G+AJ,3C4PDDDG9DT931848,2022-12-14 13:21:46,2022-12-14 14:14:46,ac,32.5
8G94PC3H+AA,YV1902MD6F1792135,2022-11-28 10:47:32,,ac,8.7
8G94PC3H+AB,19UUA65584A430768,2022-12-04 19:39:27,2022-12-04 21:14:27,dc,19.1
8G94PC3H+AC,JTEBU5JR6E5522614,2022-12-15 06:11:43,2022-12-15 07:18:43,dc,46.8
8G94PC3H+AD,1HGCR2E33FA913616,2022-10-24 10:37:21,2022-10-24 11:18:21,ac,79.5
8G94PC3H+AE,5N1AA0NCXDN829652,2022-12-25 01:02:53,,dc,6.3
8G94PC3H+AF,JTEBU5JR8C5334299,2022-11-25 02:14:19,2022-11-25 03:50:19,dc,65.2
8G94PC3H+AG,WBAYA8C56ED487482,2022-11-02 17:19:09,2022-11-02 18:53:09,dc,66.0
8G94PC3H+AH,3MZBM1K75EM228770,2022-12-18 16:44:38,2022-12-18 18:07:38,ac,96.4
8G94PC3H+AI,2G4WE567451192284,2022-12-10 03:32:23,2022-12-10 05:18:23,ac,37.7
8G94PC3H+AJ,3C4PDDDG9DT931848,2022-11-26 17:40:07,2022-11-26 19:09:07,ac,60.5
8G94H2XQ+AA,YV1902MD6F1792135,2022-10-19 16:24:35,2022-10-19 17:16:35,ac,77.3
8G94H2XQ+AB,19UUA65584A430768,2022-11-13 12:01:06,2022-11-13 12:33:06,ac,40.9
8G94H2XQ+AC,JTEBU5JR6E5522614,2022-12-11 09:57:52,2022-12-11 10:50:52,dc,53.7
8G94H2XQ+AD,1HGCR2E33FA913616,2022-11-28 12:31:25,2022-11-28 13:56:25,ac,70.1
8G94H2XQ+AE,5N1AA0NCXDN829652,2022-10-27 22:51:49,2022-10-27 23:44:49,ac,77.1
8G94H2XQ+AF,JTEBU5JR8C5334299,2022-10-21 01:19:44,2022-10-21 02:28:44,dc,38.5
8G94H2XQ+AG,WBAYA8C56ED487482,2022-12-10 08:46:03,2022-12-10 09:56:03,ac,41.1
8G94H2XQ+AH,3MZBM1K75EM228770,2022-11-02 05:39:59,2022-11-02 06:56:59,dc,61.5
8G94H2XQ+AI,2G4WE567451192284,2022-12-16 17:06:11,2022-12-16 18:57:11,ac,42.3
8G94H2XQ+AJ,3C4PDDDG9DT931848,2022-12-09 01:39:07,2022-12-09 03:28:07,dc,8.2
8G95Q246+AA,YV1902MD6F1792135,2022-10-12 08:51:34,2022-10-12 09:48:34,dc,89.2
8G95Q246+AB,19UUA65584A430768,2022-12-23 15:21:04,2022-12-23 16:07:04,ac,68.7
8G95Q246+AC,JTEBU5JR6E5522614,2022-10-12 16:43:34,2022-10-12 18:03:34,ac,24.5
8G95Q246+AD,1HGCR2E33FA913616,2022-12-03 11:53:22,2022-12-03 12:28:22,ac,88.8
8G95Q246+AE,5N1AA0NCXDN829652,2022-12-15 03:38:51,2022-12-15 05:32:51,ac,82.5
8G95Q246+AF,JTEBU5JR8C5334299,2022-10-04 12:43:38,2022-10-04 13:47:38,ac,29.1
8G95Q246+AG,WBAYA8C56ED487482,2022-12-19 10:42:19,2022-12-19 12:18:19,ac,23.5
8G95Q246+AH,3MZBM1K75EM228770,2022-10-19 00:11:53,2022-10-19 00:57:53,ac,47.6
8G95Q246+AI,2G4WE567451192284,2022-11-20 23:07:20,2022-11-21 00:55:20,ac,40.8
8G95Q246+AJ,3C4PDDDG9DT931848,2022-12-08 14:14:58,2022-12-08 15:36:58,dc,93.9
8GC37QPP+AA,YV1902MD6F1792135,2022-10-24 14:45:41,2022-10-24 16:15:41,ac,71.3
8GC37QPP+AB,19UUA65584A430768,2022-12-11 05:07:14,2022-12-11 05:43:14,ac,88.9
8GC37QPP+AC,JTEBU5JR6E5522614,2022-12-16 16:50:57,2022-12-16 18:07:57,ac,40.4
8GC37QPP+AD,1HGCR2E33FA913616,2022-12-10 23:11:30,2022-12-11 00:41:30,dc,79.1
8GC37QPP+AE,5N1AA0NCXDN829652,2022-10-12 06:54:48,2022-10-12 08:13:48,dc,55.6
8GC37QPP+AF,JTEBU5JR8C5334299,2022-10-14 10:24:32,2022-10-14 11:06:32,ac,89.2
8GC37QPP+AG,WBAYA8C56ED487482,2022-11-20 19:42:33,2022-11-20 20:44:33,dc,72.4
8GC37QPP+AH,3MZBM1K75EM228770,2022-11-10 16:17:20,2022-11-10 17:38:20,ac,81.9
8GC37QPP+AI,2G4WE567451192284,2022-11-22 23:17:40,2022-11-23 00:51:40,ac,91.5
8GC37QPP+AJ,3C4PDDDG9DT931848,2022-11-16 19:34:26,2022-11-16 20:13:26,ac,49.6
