charger_location,error_code,occured_on,fixed_on
8GC37QPP+AA,1,2022-11-26 02:12:01,2022-11-30 02:12:01
8GC37QPP+AB,1,2022-12-11 22:13:03,2022-12-17 22:13:03
8GC37QPP+AC,6,2022-10-17 14:24:06,2022-10-22 14:24:06
8GC37QPP+AD,3,2022-10-24 04:01:25,2022-10-30 04:01:25
8GC37QPP+AE,3,2022-11-03 09:00:32,2022-11-10 09:00:32
8GC37QPP+AF,6,2022-10-08 23:42:08,2022-10-12 23:42:08
8GC37QPP+AG,4,2022-10-07 07:54:03,2022-10-14 07:54:03
8GC37QPP+AH,7,2022-12-03 02:50:57,2022-12-10 02:50:57
8GC37QPP+AI,1,2022-10-08 09:47:42,2022-10-14 09:47:42
8GC37QPP+AJ,10,2022-12-13 22:19:47,2022-12-18 22:19:47
8GC36PWP+AA,9,2022-12-14 07:18:18,2022-12-17 07:18:18
8GC36PWP+AB,7,2022-12-05 04:13:39,2022-12-07 04:13:39
8GC36PWP+AC,6,2022-10-02 21:30:58,2022-10-04 21:30:58
8GC36PWP+AD,6,2022-10-06 07:32:06,2022-10-08 07:32:06
8GC36PWP+AE,10,2022-10-16 10:32:09,2022-10-19 10:32:09
8GC36PWP+AF,3,2022-11-02 12:18:07,2022-11-04 12:18:07
8GC36PWP+AG,8,2022-12-20 08:50:07,2022-12-26 08:50:07
8GC36PWP+AH,2,2022-11-16 14:48:47,2022-11-18 14:48:47
8GC36PWP+AI,7,2022-12-09 01:58:43,2022-12-16 01:58:43
8GC36PWP+AJ,10,2022-11-11 03:22:00,
8GC36P4G+AA,8,2022-10-13 20:48:53,2022-10-19 20:48:53
8GC36P4G+AB,3,2022-10-10 08:50:28,2022-10-12 08:50:28
8GC36P4G+AC,4,2022-11-21 10:54:54,2022-11-26 10:54:54
8GC36P4G+AD,1,2022-12-02 09:15:58,
8GC36P4G+AE,5,2022-12-14 18:14:25,2022-12-17 18:14:25
8GC36P4G+AF,1,2022-12-24 08:37:01,2022-12-25 08:37:01
8GC36P4G+AG,3,2022-10-25 19:27:05,2022-10-28 19:27:05
8GC36P4G+AH,5,2022-10-14 15:00:58,2022-10-20 15:00:58
8GC36P4G+AI,6,2022-10-16 14:18:16,2022-10-23 14:18:16
8GC36P4G+AJ,4,2022-11-18 05:14:09,2022-11-23 05:14:09
8GC32Q3R+AA,1,2022-10-04 12:37:54,2022-10-08 12:37:54
8GC32Q3R+AB,10,2022-11-05 08:54:26,2022-11-08 08:54:26
8GC32Q3R+AC,4,2022-12-17 05:58:15,2022-12-18 05:58:15
8GC32Q3R+AD,10,2022-12-10 03:40:23,2022-12-14 03:40:23
8GC32Q3R+AE,4,2022-12-25 17:49:05,2022-12-26 17:49:05
8GC32Q3R+AF,3,2022-10-07 02:55:08,2022-10-08 02:55:08
8GC32Q3R+AG,2,2022-11-08 04:51:21,2022-11-14 04:51:21
8GC32Q3R+AH,2,2022-12-18 18:49:35,2022-12-24 18:49:35
8GC32Q3R+AI,1,2022-10-13 06:08:14,2022-10-20 06:08:14
8GC32Q3R+AJ,5,2022-11-17 03:12:38,2022-11-22 03:12:38
8GC42GFM+AA,5,2022-11-09 05:56:38,2022-11-15 05:56:38
8GC42GFM+AB,2,2022-10-19 16:14:17,2022-10-24 16:14:17
8GC42GFM+AC,9,2022-12-17 16:20:20,2022-12-19 16:20:20
8GC42GFM+AD,4,2022-12-20 08:12:21,2022-12-26 08:12:21
8GC42GFM+AE,6,2022-12-08 00:57:09,2022-12-12 00:57:09
8GC42GFM+AF,5,2022-11-01 15:36:49,2022-11-05 15:36:49
8GC42GFM+AG,2,2022-10-16 23:13:30,2022-10-22 23:13:30
8GC42GFM+AH,1,2022-12-19 04:01:38,2022-12-25 04:01:38
8GC42GFM+AI,4,2022-11-09 16:58:04,2022-11-15 16:58:04
8GC42GFM+AJ,5,2022-12-26 10:31:57,2022-12-30 10:31:57
8G93QM2G+AA,2,2022-11-27 08:27:09,2022-11-29 08:27:09
8G93QM2G+AB,1,2022-11-26 01:28:28,2022-11-30 01:28:28
8G93QM2G+AC,8,2022-11-22 10:51:52,2022-11-29 10:51:52
8G93QM2G+AD,8,2022-11-26 03:04:13,2022-11-30 03:04:13
8G93QM2G+AE,9,2022-11-28 03:57:50,2022-11-29 03:57:50
8G93QM2G+AF,1,2022-10-25 18:40:09,2022-10-28 18:40:09
8G93QM2G+AG,1,2022-12-10 10:20:18,2022-12-15 10:20:18
8G93QM2G+AH,9,2022-11-05 04:12:17,2022-11-07 04:12:17
8G93QM2G+AI,3,2022-10-10 13:57:04,2022-10-13 13:57:04
8G93QM2G+AJ,1,2022-10-27 08:12:36,2022-10-28 08:12:36
8G94PC3H+AA,5,2022-11-27 15:01:22,2022-11-29 15:01:22
8G94PC3H+AB,9,2022-11-27 19:28:01,2022-11-28 19:28:01
8G94PC3H+AC,8,2022-11-18 19:53:49,2022-11-25 19:53:49
8G94PC3H+AD,3,2022-12-03 05:44:00,2022-12-04 05:44:00
8G94PC3H+AE,3,2022-10-06 21:47:00,
8G94PC3H+AF,10,2022-10-26 00:31:19,
8G94PC3H+AG,7,2022-11-19 03:20:26,2022-11-23 03:20:26
8G94PC3H+AH,7,2022-11-21 07:31:24,2022-11-28 07:31:24
8G94PC3H+AI,1,2022-10-06 15:10:46,2022-10-11 15:10:46
8G94PC3H+AJ,5,2022-10-29 08:32:29,2022-11-05 08:32:29
8G94H2XQ+AA,8,2022-10-13 06:26:08,2022-10-17 06:26:08
8G94H2XQ+AB,5,2022-12-08 14:13:36,2022-12-11 14:13:36
8G94H2XQ+AC,8,2022-11-05 09:00:49,
8G94H2XQ+AD,6,2022-10-25 02:34:15,
8G94H2XQ+AE,9,2022-11-03 05:06:03,2022-11-08 05:06:03
8G94H2XQ+AF,4,2022-11-24 02:29:15,2022-11-28 02:29:15
8G94H2XQ+AG,3,2022-10-03 12:58:34,2022-10-08 12:58:34
8G94H2XQ+AH,8,2022-11-14 22:04:29,2022-11-15 22:04:29
8G94H2XQ+AI,1,2022-10-02 08:19:56,2022-10-03 08:19:56
8G94H2XQ+AJ,1,2022-11-20 14:12:04,2022-11-25 14:12:04
8G95Q246+AA,2,2022-12-02 05:58:06,2022-12-03 05:58:06
8G95Q246+AB,5,2022-11-24 01:23:59,2022-12-01 01:23:59
8G95Q246+AC,3,2022-11-13 01:31:35,2022-11-16 01:31:35
8G95Q246+AD,2,2022-11-29 03:27:21,
8G95Q246+AE,10,2022-11-02 01:12:59,2022-11-03 01:12:59
8G95Q246+AF,6,2022-10-26 06:31:03,2022-10-28 06:31:03
8G95Q246+AG,7,2022-10-30 01:29:14,2022-11-06 01:29:14
8G95Q246+AH,5,2022-11-16 06:34:33,2022-11-18 06:34:33
8G95Q246+AI,1,2022-11-08 01:09:11,2022-11-12 01:09:11
8G95Q246+AJ,5,2022-10-20 12:18:18,
8GC37QPP+AA,6,2022-10-29 20:26:54,2022-11-01 20:26:54
8GC37QPP+AB,8,2022-12-23 08:38:20,2022-12-25 08:38:20
8GC37QPP+AC,9,2022-11-30 11:22:11,2022-12-06 11:22:11
8GC37QPP+AD,9,2022-10-25 19:34:33,2022-11-01 19:34:33
8GC37QPP+AE,3,2022-10-26 13:56:28,2022-10-29 13:56:28
8GC37QPP+AF,6,2022-10-04 21:22:07,2022-10-09 21:22:07
8GC37QPP+AG,7,2022-10-20 04:51:05,2022-10-21 04:51:05
8GC37QPP+AH,10,2022-12-24 13:27:28,2022-12-29 13:27:28
8GC37QPP+AI,7,2022-11-02 09:47:21,2022-11-09 09:47:21
8GC37QPP+AJ,1,2022-11-24 23:20:19,2022-11-30 23:20:19
8GC36PWP+AA,2,2022-12-08 12:07:55,
8GC36PWP+AB,2,2022-10-13 18:36:38,2022-10-15 18:36:38
8GC36PWP+AC,9,2022-10-01 08:50:26,2022-10-08 08:50:26
8GC36PWP+AD,7,2022-10-17 21:49:50,2022-10-20 21:49:50
8GC36PWP+AE,1,2022-11-20 17:27:54,2022-11-25 17:27:54
8GC36PWP+AF,7,2022-11-17 17:51:57,2022-11-20 17:51:57
8GC36PWP+AG,4,2022-12-15 18:48:42,2022-12-17 18:48:42
8GC36PWP+AH,7,2022-12-21 17:36:56,2022-12-23 17:36:56
8GC36PWP+AI,6,2022-11-10 13:46:15,2022-11-11 13:46:15
8GC36PWP+AJ,5,2022-11-26 09:03:22,2022-11-28 09:03:22
8GC36P4G+AA,6,2022-12-17 17:33:19,2022-12-22 17:33:19
8GC36P4G+AB,5,2022-12-08 03:25:57,
8GC36P4G+AC,3,2022-11-13 04:01:19,2022-11-16 04:01:19
8GC36P4G+AD,3,2022-11-12 14:54:45,2022-11-18 14:54:45
8GC36P4G+AE,5,2022-10-16 10:35:36,
8GC36P4G+AF,4,2022-11-29 16:18:50,
8GC36P4G+AG,2,2022-12-02 03:40:18,2022-12-05 03:40:18
8GC36P4G+AH,5,2022-12-19 06:33:20,2022-12-26 06:33:20
8GC36P4G+AI,8,2022-11-30 01:24:04,2022-12-02 01:24:04
8GC36P4G+AJ,10,2022-12-13 00:14:28,2022-12-20 00:14:28
8GC32Q3R+AA,1,2022-10-17 17:40:28,2022-10-18 17:40:28
8GC32Q3R+AB,10,2022-12-22 08:59:18,2022-12-23 08:59:18
8GC32Q3R+AC,10,2022-12-05 10:11:58,2022-12-12 10:11:58
8GC32Q3R+AD,1,2022-11-09 17:27:13,2022-11-11 17:27:13
8GC32Q3R+AE,6,2022-12-20 16:01:57,
8GC32Q3R+AF,2,2022-11-15 01:56:30,2022-11-18 01:56:30
8GC32Q3R+AG,3,2022-12-20 13:12:13,2022-12-22 13:12:13
8GC32Q3R+AH,5,2022-11-15 13:12:33,2022-11-18 13:12:33
8GC32Q3R+AI,4,2022-11-17 21:15:41,2022-11-22 21:15:41
8GC32Q3R+AJ,5,2022-12-06 23:52:56,2022-12-07 23:52:56
8GC42GFM+AA,7,2022-11-13 22:35:46,2022-11-15 22:35:46
8GC42GFM+AB,8,2022-12-24 03:22:52,2022-12-27 03:22:52
8GC42GFM+AC,6,2022-12-02 21:42:38,2022-12-05 21:42:38
8GC42GFM+AD,8,2022-12-12 20:53:02,2022-12-19 20:53:02
8GC42GFM+AE,9,2022-12-21 12:05:22,
8GC42GFM+AF,1,2022-11-01 11:40:05,2022-11-08 11:40:05
8GC42GFM+AG,8,2022-11-29 14:45:13,2022-11-30 14:45:13
8GC42GFM+AH,2,2022-10-09 04:10:02,
8GC42GFM+AI,2,2022-11-22 18:30:43,2022-11-24 18:30:43
8GC42GFM+AJ,2,2022-12-11 14:39:20,2022-12-14 14:39:20
8G93QM2G+AA,4,2022-12-04 22:58:02,2022-12-08 22:58:02
8G93QM2G+AB,2,2022-11-16 22:45:34,2022-11-20 22:45:34
8G93QM2G+AC,10,2022-10-12 04:26:03,2022-10-17 04:26:03
8G93QM2G+AD,3,2022-11-18 18:02:20,2022-11-23 18:02:20
8G93QM2G+AE,3,2022-11-08 12:43:14,2022-11-11 12:43:14
8G93QM2G+AF,1,2022-11-03 20:29:33,2022-11-09 20:29:33
8G93QM2G+AG,8,2022-11-18 02:51:14,2022-11-20 02:51:14
8G93QM2G+AH,2,2022-11-22 17:24:53,
8G93QM2G+AI,6,2022-11-19 21:25:50,2022-11-24 21:25:50
8G93QM2G+AJ,2,2022-11-22 05:26:20,
8G94PC3H+AA,9,2022-10-22 23:36:42,2022-10-29 23:36:42
8G94PC3H+AB,4,2022-12-24 13:35:18,
8G94PC3H+AC,6,2022-12-04 06:50:31,2022-12-10 06:50:31
8G94PC3H+AD,8,2022-12-23 18:14:29,2022-12-24 18:14:29
8G94PC3H+AE,3,2022-12-27 18:07:18,2023-01-02 18:07:18
8G94PC3H+AF,5,2022-11-08 01:03:58,2022-11-15 01:03:58
8G94PC3H+AG,6,2022-11-20 12:52:06,2022-11-27 12:52:06
8G94PC3H+AH,10,2022-12-11 20:20:05,2022-12-14 20:20:05
8G94PC3H+AI,4,2022-12-02 12:40:08,2022-12-09 12:40:08
8G94PC3H+AJ,6,2022-11-18 05:17:29,2022-11-21 05:17:29
8G94H2XQ+AA,7,2022-12-04 00:25:53,2022-12-10 00:25:53
8G94H2XQ+AB,1,2022-10-01 12:12:26,2022-10-03 12:12:26
8G94H2XQ+AC,10,2022-12-01 03:13:00,2022-12-07 03:13:00
8G94H2XQ+AD,9,2022-12-13 22:09:18,2022-12-19 22:09:18
8G94H2XQ+AE,8,2022-10-08 10:16:22,2022-10-15 10:16:22
8G94H2XQ+AF,7,2022-10-03 22:35:50,2022-10-06 22:35:50
8G94H2XQ+AG,5,2022-10-22 08:49:06,2022-10-26 08:49:06
8G94H2XQ+AH,9,2022-12-17 12:32:20,
8G94H2XQ+AI,8,2022-11-22 19:33:33,2022-11-29 19:33:33
8G94H2XQ+AJ,7,2022-10-02 15:21:35,2022-10-06 15:21:35
8G95Q246+AA,8,2022-11-03 06:59:31,2022-11-10 06:59:31
8G95Q246+AB,5,2022-10-08 13:35:47,2022-10-14 13:35:47
8G95Q246+AC,2,2022-12-04 06:55:12,2022-12-06 06:55:12
8G95Q246+AD,9,2022-11-22 14:36:42,2022-11-23 14:36:42
8G95Q246+AE,2,2022-10-31 12:48:33,2022-11-03 12:48:33
8G95Q246+AF,10,2022-12-05 12:08:30,2022-12-10 12:08:30
8G95Q246+AG,5,2022-11-02 03:43:28,2022-11-09 03:43:28
8G95Q246+AH,2,2022-10-16 18:09:16,2022-10-23 18:09:16
8G95Q246+AI,4,2022-10-17 11:31:58,2022-10-19 11:31:58
8G95Q246+AJ,7,2022-10-16 12:12:47,
8GC37QPP+AA,9,2022-10-05 23:01:53,2022-10-09 23:01:53
8GC37QPP+AB,5,2022-11-08 17:45:21,
8GC37QPP+AC,5,2022-12-18 15:08:08,2022-12-23 15:08:08
8GC37QPP+AD,7,2022-10-08 11:12:06,2022-10-14 11:12:06
8GC37QPP+AE,6,2022-12-17 22:26:52,2022-12-20 22:26:52
8GC37QPP+AF,7,2022-11-23 11:56:06,2022-11-29 11:56:06
8GC37QPP+AG,10,2022-10-27 19:18:46,2022-11-01 19:18:46
8GC37QPP+AH,7,2022-11-30 14:09:10,2022-12-03 14:09:10
8GC37QPP+AI,1,2022-10-09 19:42:33,2022-10-16 19:42:33
8GC37QPP+AJ,5,2022-12-13 05:46:18,2022-12-19 05:46:18
8GC36PWP+AA,10,2022-12-23 05:41:34,
8GC36PWP+AB,2,2022-11-21 00:46:45,2022-11-24 00:46:45
8GC36PWP+AC,3,2022-11-20 12:34:43,2022-11-24 12:34:43
8GC36PWP+AD,5,2022-12-07 08:38:35,
8GC36PWP+AE,8,2022-11-02 22:22:05,
8GC36PWP+AF,5,2022-12-27 12:03:18,2022-12-29 12:03:18
8GC36PWP+AG,4,2022-11-22 21:32:23,2022-11-23 21:32:23
8GC36PWP+AH,7,2022-11-13 19:48:55,
8GC36PWP+AI,3,2022-12-25 00:16:07,2022-12-28 00:16:07
8GC36PWP+AJ,2,2022-11-21 01:29:37,2022-11-26 01:29:37
8GC36P4G+AA,3,2022-10-20 00:14:27,2022-10-21 00:14:27
8GC36P4G+AB,9,2022-11-22 19:43:54,2022-11-29 19:43:54
8GC36P4G+AC,10,2022-12-06 14:56:21,2022-12-08 14:56:21
8GC36P4G+AD,8,2022-11-23 17:49:01,2022-11-25 17:49:01
8GC36P4G+AE,8,2022-11-03 10:28:36,2022-11-07 10:28:36
8GC36P4G+AF,2,2022-12-24 22:20:44,2022-12-27 22:20:44
8GC36P4G+AG,2,2022-12-15 05:26:01,2022-12-21 05:26:01
8GC36P4G+AH,9,2022-10-02 05:57:07,2022-10-08 05:57:07
8GC36P4G+AI,4,2022-11-22 14:44:03,2022-11-23 14:44:03
8GC36P4G+AJ,9,2022-11-24 19:33:04,2022-11-28 19:33:04
8GC32Q3R+AA,1,2022-11-09 13:06:52,2022-11-14 13:06:52
8GC32Q3R+AB,10,2022-12-23 06:37:12,2022-12-28 06:37:12
8GC32Q3R+AC,10,2022-11-24 18:34:52,2022-11-25 18:34:52
8GC32Q3R+AD,10,2022-11-01 17:17:14,2022-11-04 17:17:14
8GC32Q3R+AE,10,2022-10-06 21:10:02,
8GC32Q3R+AF,9,2022-10-26 18:03:09,2022-10-28 18:03:09
8GC32Q3R+AG,10,2022-10-21 22:28:01,
8GC32Q3R+AH,3,2022-10-11 02:12:13,2022-10-16 02:12:13
8GC32Q3R+AI,6,2022-10-24 16:21:10,2022-10-25 16:21:10
8GC32Q3R+AJ,3,2022-12-25 19:57:54,2022-12-26 19:57:54
8GC42GFM+AA,3,2022-11-19 08:13:47,2022-11-22 08:13:47
8GC42GFM+AB,7,2022-11-17 21:38:25,2022-11-21 21:38:25
8GC42GFM+AC,3,2022-11-04 07:23:42,2022-11-06 07:23:42
8GC42GFM+AD,1,2022-12-26 17:13:12,2022-12-28 17:13:12
8GC42GFM+AE,5,2022-11-01 21:04:39,2022-11-05 21:04:39
8GC42GFM+AF,7,2022-12-13 01:03:04,2022-12-16 01:03:04
8GC42GFM+AG,9,2022-11-10 20:40:45,2022-11-12 20:40:45
8GC42GFM+AH,9,2022-11-24 19:40:52,2022-11-29 19:40:52
8GC42GFM+AI,1,2022-10-06 04:56:52,2022-10-11 04:56:52
8GC42GFM+AJ,10,2022-11-06 05:48:04,2022-11-09 05:48:04
8G93QM2G+AA,4,2022-10-09 18:37:17,
8G93QM2G+AB,2,2022-12-06 06:37:11,2022-12-12 06:37:11
8G93QM2G+AC,9,2022-12-16 14:10:33,2022-12-22 14:10:33
8G93QM2G+AD,9,2022-12-14 23:21:40,2022-12-21 23:21:40
8G93QM2G+AE,7,2022-10-12 18:00:51,2022-10-17 18:00:51
8G93QM2G+AF,8,2022-11-20 05:38:16,2022-11-24 05:38:16
8G93QM2G+AG,3,2022-10-29 10:33:35,2022-11-04 10:33:35
8G93QM2G+AH,7,2022-10-15 21:50:20,
8G93QM2G+AI,10,2022-11-05 18:11:42,2022-11-09 18:11:42
8G93QM2G+AJ,6,2022-12-14 07:24:40,2022-12-18 07:24:40
8G94PC3H+AA,3,2022-10-24 00:48:17,2022-10-27 00:48:17
8G94PC3H+AB,9,2022-12-14 10:20:38,2022-12-21 10:20:38
8G94PC3H+AC,9,2022-11-15 09:09:59,2022-11-18 09:09:59
8G94PC3H+AD,10,2022-11-13 14:58:40,2022-11-18 14:58:40
8G94PC3H+AE,5,2022-11-18 04:24:43,2022-11-25 04:24:43
8G94PC3H+AF,2,2022-12-09 00:25:49,2022-12-13 00:25:49
8G94PC3H+AG,4,2022-11-25 23:13:00,2022-12-01 23:13:00
8G94PC3H+AH,3,2022-10-23 05:35:57,2022-10-30 05:35:57
8G94PC3H+AI,9,2022-11-03 20:52:35,2022-11-04 20:52:35
8G94PC3H+AJ,4,2022-10-20 15:59:03,2022-10-21 15:59:03
8G94H2XQ+AA,6,2022-11-05 18:25:48,2022-11-10 18:25:48
8G94H2XQ+AB,6,2022-11-14 08:28:10,2022-11-18 08:28:10
8G94H2XQ+AC,9,2022-10-29 19:37:08,2022-11-02 19:37:08
8G94H2XQ+AD,8,2022-10-24 01:35:59,2022-10-27 01:35:59
8G94H2XQ+AE,5,2022-12-26 13:13:39,2023-01-01 13:13:39
8G94H2XQ+AF,1,2022-11-23 04:10:49,2022-11-29 04:10:49
8G94H2XQ+AG,8,2022-10-12 01:23:45,2022-10-17 01:23:45
8G94H2XQ+AH,2,2022-12-18 07:30:09,2022-12-23 07:30:09
8G94H2XQ+AI,6,2022-11-11 12:04:09,2022-11-14 12:04:09
8G94H2XQ+AJ,5,2022-10-27 18:20:45,2022-10-31 18:20:45
8G95Q246+AA,3,2022-12-17 04:55:17,2022-12-24 04:55:17
8G95Q246+AB,3,2022-11-01 21:59:13,2022-11-03 21:59:13
8G95Q246+AC,2,2022-12-11 07:39:35,2022-12-12 07:39:35
8G95Q246+AD,4,2022-11-23 06:33:43,2022-11-29 06:33:43
8G95Q246+AE,10,2022-12-18 10:03:28,2022-12-25 10:03:28
8G95Q246+AF,7,2022-11-04 13:35:32,2022-11-11 13:35:32
8G95Q246+AG,4,2022-12-23 16:04:34,
8G95Q246+AH,8,2022-12-26 07:37:12,2023-01-01 07:37:12
8G95Q246+AI,8,2022-12-16 18:39:10,2022-12-22 18:39:10
8G95Q246+AJ,4,2022-11-21 14:14:57,2022-11-28 14:14:57
8GC37QPP+AA,9,2022-11-13 04:31:58,2022-11-15 04:31:58
8GC37QPP+AB,9,2022-11-25 07:35:54,2022-11-30 07:35:54
8GC37QPP+AC,10,2022-10-16 00:30:14,2022-10-21 00:30:14
8GC37QPP+AD,5,2022-10-22 02:04:41,2022-10-28 02:04:41
8GC37QPP+AE,7,2022-12-26 10:28:15,2022-12-31 10:28:15
8GC37QPP+AF,2,2022-10-15 20:20:51,2022-10-20 20:20:51
8GC37QPP+AG,10,2022-10-03 07:16:31,2022-10-08 07:16:31
8GC37QPP+AH,6,2022-10-19 17:40:52,2022-10-25 17:40:52
8GC37QPP+AI,4,2022-11-28 00:11:47,
8GC37QPP+AJ,4,2022-11-04 13:13:00,2022-11-11 13:13:00
8GC36PWP+AA,7,2022-11-03 22:46:02,2022-11-08 22:46:02
8GC36PWP+AB,10,2022-12-01 10:59:07,2022-12-07 10:59:07
8GC36PWP+AC,10,2022-12-03 13:21:20,2022-12-06 13:21:20
8GC36PWP+AD,1,2022-11-01 03:08:51,2022-11-04 03:08:51
8GC36PWP+AE,2,2022-12-21 16:27:16,2022-12-27 16:27:16
8GC36PWP+AF,5,2022-12-14 20:19:13,2022-12-18 20:19:13
8GC36PWP+AG,6,2022-11-30 11:38:01,2022-12-01 11:38:01
8GC36PWP+AH,10,2022-10-02 06:52:20,
8GC36PWP+AI,8,2022-10-10 08:30:06,2022-10-13 08:30:06
8GC36PWP+AJ,1,2022-10-29 00:18:11,2022-11-04 00:18:11
8GC36P4G+AA,5,2022-11-18 21:52:14,2022-11-24 21:52:14
8GC36P4G+AB,4,2022-11-30 12:46:38,2022-12-03 12:46:38
8GC36P4G+AC,6,2022-11-03 17:21:45,2022-11-10 17:21:45
8GC36P4G+AD,9,2022-12-23 16:59:41,2022-12-25 16:59:41
8GC36P4G+AE,6,2022-11-29 02:02:09,2022-12-03 02:02:09
8GC36P4G+AF,6,2022-12-09 15:53:26,2022-12-15 15:53:26
8GC36P4G+AG,4,2022-12-16 18:52:43,2022-12-18 18:52:43
8GC36P4G+AH,1,2022-10-28 17:58:27,2022-10-29 17:58:27
8GC36P4G+AI,3,2022-11-19 06:18:47,2022-11-24 06:18:47
8GC36P4G+AJ,10,2022-10-05 15:33:02,2022-10-12 15:33:02
8GC32Q3R+AA,3,2022-11-20 04:36:15,2022-11-23 04:36:15
8GC32Q3R+AB,9,2022-11-12 20:19:30,2022-11-17 20:19:30
8GC32Q3R+AC,5,2022-10-06 14:17:44,2022-10-07 14:17:44
8GC32Q3R+AD,2,2022-12-22 16:45:24,
8GC32Q3R+AE,3,2022-12-26 21:26:56,2022-12-30 21:26:56
8GC32Q3R+AF,7,2022-10-15 09:10:33,2022-10-21 09:10:33
8GC32Q3R+AG,8,2022-12-14 12:59:11,2022-12-18 12:59:11
8GC32Q3R+AH,7,2022-10-06 08:06:17,2022-10-12 08:06:17
8GC32Q3R+AI,2,2022-10-27 21:18:47,2022-10-28 21:18:47
8GC32Q3R+AJ,2,2022-11-10 09:48:35,
8GC42GFM+AA,6,2022-11-09 07:02:39,
8GC42GFM+AB,6,2022-12-09 23:02:23,
8GC42GFM+AC,1,2022-10-15 08:53:15,2022-10-18 08:53:15
8GC42GFM+AD,2,2022-12-07 05:22:31,2022-12-14 05:22:31
8GC42GFM+AE,2,2022-10-07 16:52:22,2022-10-13 16:52:22
8GC42GFM+AF,4,2022-10-18 11:05:18,
8GC42GFM+AG,5,2022-10-24 01:26:40,2022-10-25 01:26:40
8GC42GFM+AH,4,2022-10-28 02:11:43,2022-10-29 02:11:43
8GC42GFM+AI,10,2022-11-06 19:55:22,2022-11-13 19:55:22
8GC42GFM+AJ,5,2022-12-06 23:02:18,2022-12-09 23:02:18
8G93QM2G+AA,2,2022-12-10 22:32:41,2022-12-14 22:32:41
8G93QM2G+AB,1,2022-12-12 07:57:01,
8G93QM2G+AC,2,2022-11-20 10:04:57,2022-11-27 10:04:57
8G93QM2G+AD,2,2022-11-08 06:59:26,2022-11-12 06:59:26
8G93QM2G+AE,4,2022-12-20 08:43:24,2022-12-27 08:43:24
8G93QM2G+AF,2,2022-11-26 18:39:46,2022-12-03 18:39:46
8G93QM2G+AG,1,2022-11-09 23:34:07,2022-11-15 23:34:07
8G93QM2G+AH,1,2022-10-19 08:45:18,2022-10-25 08:45:18
8G93QM2G+AI,10,2022-10-22 12:40:16,2022-10-24 12:40:16
8G93QM2G+AJ,9,2022-11-22 11:58:19,2022-11-29 11:58:19
8G94PC3H+AA,7,2022-10-20 22:02:52,2022-10-22 22:02:52
8G94PC3H+AB,1,2022-10-11 23:06:38,2022-10-13 23:06:38
8G94PC3H+AC,6,2022-10-08 00:02:03,2022-10-10 00:02:03
8G94PC3H+AD,1,2022-11-22 09:21:46,2022-11-26 09:21:46
8G94PC3H+AE,4,2022-10-05 09:33:28,2022-10-12 09:33:28
8G94PC3H+AF,2,2022-12-05 22:43:50,2022-12-06 22:43:50
8G94PC3H+AG,2,2022-11-25 23:49:20,
8G94PC3H+AH,9,2022-11-10 20:22:46,2022-11-12 20:22:46
8G94PC3H+AI,9,2022-10-15 13:33:35,2022-10-19 13:33:35
8G94PC3H+AJ,4,2022-12-05 15:37:25,2022-12-08 15:37:25
8G94H2XQ+AA,4,2022-12-07 10:38:02,2022-12-09 10:38:02
8G94H2XQ+AB,7,2022-11-29 19:02:15,2022-12-03 19:02:15
8G94H2XQ+AC,4,2022-11-06 08:36:29,2022-11-11 08:36:29
8G94H2XQ+AD,8,2022-10-05 18:35:55,2022-10-12 18:35:55
8G94H2XQ+AE,10,2022-12-09 23:27:50,
8G94H2XQ+AF,9,2022-10-10 20:39:32,2022-10-15 20:39:32
8G94H2XQ+AG,4,2022-12-11 14:36:40,2022-12-17 14:36:40
8G94H2XQ+AH,7,2022-10-25 13:02:18,2022-10-26 13:02:18
8G94H2XQ+AI,2,2022-10-25 23:24:48,2022-10-30 23:24:48
8G94H2XQ+AJ,8,2022-10-24 07:46:46,
8G95Q246+AA,2,2022-12-04 03:22:53,2022-12-06 03:22:53
8G95Q246+AB,8,2022-10-05 19:19:17,2022-10-06 19:19:17
8G95Q246+AC,6,2022-10-01 00:34:46,2022-10-07 00:34:46
8G95Q246+AD,7,2022-11-18 02:09:54,
8G95Q246+AE,3,2022-10-14 13:59:06,
8G95Q246+AF,8,2022-10-16 02:38:41,2022-10-18 02:38:41
8G95Q246+AG,8,2022-10-03 14:03:39,2022-10-04 14:03:39
8G95Q246+AH,9,2022-12-11 07:29:39,
8G95Q246+AI,7,2022-10-12 19:55:02,2022-10-19 19:55:02
8G95Q246+AJ,10,2022-12-06 02:19:06,
8GC37QPP+AA,4,2022-10-25 07:16:54,2022-10-30 07:16:54
8GC37QPP+AB,7,2022-12-03 04:29:03,2022-12-09 04:29:03
8GC37QPP+AC,6,2022-12-25 02:05:39,2022-12-26 02:05:39
8GC37QPP+AD,9,2022-10-23 21:27:06,
8GC37QPP+AE,4,2022-11-29 23:18:03,2022-12-03 23:18:03
8GC37QPP+AF,9,2022-10-27 02:24:51,2022-11-03 02:24:51
8GC37QPP+AG,2,2022-11-03 08:37:11,2022-11-07 08:37:11
8GC37QPP+AH,5,2022-11-04 18:12:17,2022-11-07 18:12:17
8GC37QPP+AI,10,2022-12-13 08:44:58,2022-12-14 08:44:58
8GC37QPP+AJ,10,2022-10-29 10:10:23,2022-11-03 10:10:23
8GC36PWP+AA,3,2022-11-23 09:45:57,2022-11-27 09:45:57
8GC36PWP+AB,5,2022-11-26 12:28:42,2022-11-27 12:28:42
8GC36PWP+AC,7,2022-11-18 09:34:23,2022-11-19 09:34:23
8GC36PWP+AD,10,2022-10-08 07:01:51,
8GC36PWP+AE,10,2022-11-27 00:02:04,
8GC36PWP+AF,4,2022-12-04 06:36:15,2022-12-08 06:36:15
8GC36PWP+AG,8,2022-12-06 10:09:02,2022-12-10 10:09:02
8GC36PWP+AH,10,2022-12-04 03:08:49,2022-12-05 03:08:49
8GC36PWP+AI,10,2022-12-01 00:59:18,2022-12-07 00:59:18
8GC36PWP+AJ,5,2022-11-09 23:32:01,2022-11-15 23:32:01
8GC36P4G+AA,9,2022-12-15 04:04:39,2022-12-22 04:04:39
8GC36P4G+AB,7,2022-12-27 00:04:08,2022-12-31 00:04:08
8GC36P4G+AC,6,2022-12-15 08:05:37,2022-12-18 08:05:37
8GC36P4G+AD,2,2022-10-22 05:44:45,2022-10-26 05:44:45
8GC36P4G+AE,9,2022-11-19 03:13:09,2022-11-24 03:13:09
8GC36P4G+AF,9,2022-11-19 18:34:11,2022-11-24 18:34:11
8GC36P4G+AG,9,2022-11-17 03:01:42,2022-11-21 03:01:42
8GC36P4G+AH,8,2022-10-21 05:45:19,2022-10-24 05:45:19
8GC36P4G+AI,5,2022-12-20 20:56:57,2022-12-23 20:56:57
8GC36P4G+AJ,9,2022-10-17 22:46:16,2022-10-21 22:46:16
8GC32Q3R+AA,6,2022-11-03 19:57:05,2022-11-10 19:57:05
8GC32Q3R+AB,2,2022-11-12 00:51:08,2022-11-19 00:51:08
8GC32Q3R+AC,8,2022-10-19 05:55:25,2022-10-20 05:55:25
8GC32Q3R+AD,2,2022-10-27 03:51:00,2022-11-01 03:51:00
8GC32Q3R+AE,9,2022-12-12 06:21:36,
8GC32Q3R+AF,5,2022-11-12 04:51:59,2022-11-18 04:51:59
8GC32Q3R+AG,2,2022-11-05 10:39:08,2022-11-09 10:39:08
8GC32Q3R+AH,6,2022-11-25 10:12:11,2022-11-28 10:12:11
8GC32Q3R+AI,6,2022-10-07 04:12:11,2022-10-08 04:12:11
8GC32Q3R+AJ,4,2022-12-12 19:54:09,
8GC42GFM+AA,10,2022-11-03 10:59:41,2022-11-04 10:59:41
8GC42GFM+AB,10,2022-10-07 17:13:31,2022-10-10 17:13:31
8GC42GFM+AC,9,2022-11-24 10:43:38,2022-11-29 10:43:38
8GC42GFM+AD,4,2022-12-06 15:05:45,2022-12-10 15:05:45
8GC42GFM+AE,1,2022-12-10 08:54:59,2022-12-14 08:54:59
8GC42GFM+AF,5,2022-12-19 22:32:59,2022-12-20 22:32:59
8GC42GFM+AG,1,2022-11-29 23:41:47,2022-12-03 23:41:47
8GC42GFM+AH,6,2022-11-14 07:36:49,2022-11-21 07:36:49
8GC42GFM+AI,10,2022-10-13 21:03:37,2022-10-18 21:03:37
8GC42GFM+AJ,7,2022-11-24 01:31:20,2022-11-25 01:31:20
8G93QM2G+AA,3,2022-11-29 12:04:22,
8G93QM2G+AB,10,2022-10-25 00:41:03,2022-10-27 00:41:03
8G93QM2G+AC,7,2022-11-17 12:15:34,2022-11-23 12:15:34
8G93QM2G+AD,1,2022-10-23 16:19:05,2022-10-29 16:19:05
8G93QM2G+AE,6,2022-10-16 21:01:50,2022-10-17 21:01:50
8G93QM2G+AF,9,2022-10-01 14:12:14,2022-10-06 14:12:14
8G93QM2G+AG,4,2022-10-05 14:11:36,2022-10-07 14:11:36
8G93QM2G+AH,1,2022-12-16 23:11:28,2022-12-19 23:11:28
8G93QM2G+AI,5,2022-11-29 04:46:24,2022-12-01 04:46:24
8G93QM2G+AJ,10,2022-11-26 06:32:36,
8G94PC3H+AA,5,2022-12-22 16:36:46,2022-12-25 16:36:46
8G94PC3H+AB,10,2022-11-16 19:37:18,
8G94PC3H+AC,5,2022-10-02 05:22:20,2022-10-09 05:22:20
8G94PC3H+AD,5,2022-11-10 04:33:50,2022-11-11 04:33:50
8G94PC3H+AE,7,2022-12-14 21:47:22,2022-12-20 21:47:22
8G94PC3H+AF,7,2022-11-19 13:34:43,2022-11-24 13:34:43
8G94PC3H+AG,3,2022-11-12 15:41:13,2022-11-19 15:41:13
8G94PC3H+AH,9,2022-10-28 18:56:42,2022-11-04 18:56:42
8G94PC3H+AI,4,2022-10-26 23:16:34,2022-11-01 23:16:34
8G94PC3H+AJ,4,2022-12-06 09:00:20,2022-12-07 09:00:20
8G94H2XQ+AA,7,2022-10-09 12:08:57,2022-10-13 12:08:57
8G94H2XQ+AB,10,2022-10-13 03:59:25,
8G94H2XQ+AC,2,2022-11-27 10:15:01,2022-12-04 10:15:01
8G94H2XQ+AD,8,2022-11-11 05:21:50,2022-11-16 05:21:50
8G94H2XQ+AE,5,2022-10-01 11:13:37,2022-10-08 11:13:37
8G94H2XQ+AF,2,2022-11-07 12:06:37,2022-11-13 12:06:37
8G94H2XQ+AG,8,2022-12-09 05:52:02,2022-12-11 05:52:02
8G94H2XQ+AH,8,2022-12-07 00:47:13,2022-12-09 00:47:13
8G94H2XQ+AI,3,2022-11-26 20:47:23,2022-12-01 20:47:23
8G94H2XQ+AJ,7,2022-12-17 04:54:40,2022-12-20 04:54:40
8G95Q246+AA,8,2022-10-08 15:41:23,2022-10-12 15:41:23
8G95Q246+AB,7,2022-12-17 18:15:43,
8G95Q246+AC,2,2022-10-14 06:27:20,2022-10-20 06:27:20
8G95Q246+AD,1,2022-10-24 06:42:59,2022-10-25 06:42:59
8G95Q246+AE,8,2022-11-26 02:48:18,2022-12-02 02:48:18
8G95Q246+AF,2,2022-12-07 03:52:12,2022-12-08 03:52:12
8G95Q246+AG,6,2022-11-30 04:01:21,2022-12-07 04:01:21
8G95Q246+AH,4,2022-10-08 16:01:47,2022-10-12 16:01:47
8G95Q246+AI,5,2022-10-27 01:50:32,2022-10-30 01:50:32
8G95Q246+AJ,5,2022-11-17 09:05:15,
8GC37QPP+AA,8,2022-11-19 02:14:16,2022-11-22 02:14:16
8GC37QPP+AB,2,2022-12-05 23:27:13,
8GC37QPP+AC,4,2022-10-15 00:38:58,2022-10-21 00:38:58
8GC37QPP+AD,8,2022-10-14 08:22:29,
8GC37QPP+AE,8,2022-10-26 02:18:48,2022-10-27 02:18:48
8GC37QPP+AF,4,2022-10-20 00:49:56,2022-10-25 00:49:56
8GC37QPP+AG,1,2022-11-04 22:43:26,2022-11-10 22:43:26
8GC37QPP+AH,4,2022-10-02 10:27:01,2022-10-07 10:27:01
8GC37QPP+AI,7,2022-12-10 14:04:37,
8GC37QPP+AJ,4,2022-12-27 22:57:18,2023-01-02 22:57:18
8GC36PWP+AA,2,2022-11-10 06:46:01,2022-11-14 06:46:01
8GC36PWP+AB,2,2022-10-28 21:55:32,2022-10-30 21:55:32
8GC36PWP+AC,1,2022-10-11 05:54:52,2022-10-15 05:54:52
8GC36PWP+AD,9,2022-10-05 05:12:32,
8GC36PWP+AE,2,2022-10-26 23:27:45,2022-11-01 23:27:45
8GC36PWP+AF,6,2022-10-23 14:57:57,2022-10-30 14:57:57
8GC36PWP+AG,3,2022-10-26 18:14:55,2022-10-27 18:14:55
8GC36PWP+AH,5,2022-11-27 20:15:00,2022-12-02 20:15:00
8GC36PWP+AI,2,2022-11-24 21:25:54,2022-11-29 21:25:54
8GC36PWP+AJ,5,2022-11-10 05:37:54,2022-11-17 05:37:54
8GC36P4G+AA,5,2022-10-05 09:47:55,2022-10-07 09:47:55
8GC36P4G+AB,4,2022-11-18 22:02:07,2022-11-25 22:02:07
8GC36P4G+AC,4,2022-10-01 23:19:26,2022-10-02 23:19:26
8GC36P4G+AD,4,2022-10-06 12:32:15,2022-10-11 12:32:15
8GC36P4G+AE,6,2022-12-07 14:36:08,2022-12-14 14:36:08
8GC36P4G+AF,5,2022-12-27 05:39:18,2023-01-03 05:39:18
8GC36P4G+AG,1,2022-10-03 01:16:45,2022-10-10 01:16:45
8GC36P4G+AH,6,2022-10-31 21:29:09,2022-11-05 21:29:09
8GC36P4G+AI,10,2022-12-27 06:59:38,2022-12-28 06:59:38
8GC36P4G+AJ,9,2022-10-30 21:28:45,2022-11-04 21:28:45
8GC32Q3R+AA,3,2022-11-09 22:43:42,2022-11-14 22:43:42
8GC32Q3R+AB,10,2022-12-19 12:31:34,
8GC32Q3R+AC,5,2022-10-06 20:43:17,2022-10-13 20:43:17
8GC32Q3R+AD,2,2022-11-06 15:56:12,2022-11-10 15:56:12
8GC32Q3R+AE,5,2022-12-01 21:53:05,2022-12-03 21:53:05
8GC32Q3R+AF,3,2022-12-14 07:07:56,2022-12-19 07:07:56
8GC32Q3R+AG,9,2022-10-09 16:38:23,2022-10-15 16:38:23
8GC32Q3R+AH,10,2022-11-21 15:54:17,2022-11-25 15:54:17
8GC32Q3R+AI,4,2022-12-06 11:07:06,2022-12-07 11:07:06
8GC32Q3R+AJ,6,2022-12-02 04:07:18,2022-12-04 04:07:18
8GC42GFM+AA,10,2022-10-22 11:26:43,2022-10-29 11:26:43
8GC42GFM+AB,8,2022-11-15 18:36:53,2022-11-17 18:36:53
8GC42GFM+AC,9,2022-10-22 16:08:46,2022-10-28 16:08:46
8GC42GFM+AD,4,2022-11-20 23:47:29,2022-11-21 23:47:29
8GC42GFM+AE,9,2022-10-25 20:28:11,2022-10-27 20:28:11
8GC42GFM+AF,4,2022-10-17 19:59:36,
8GC42GFM+AG,1,2022-10-03 12:44:14,2022-10-07 12:44:14
8GC42GFM+AH,1,2022-10-16 11:23:39,
8GC42GFM+AI,9,2022-11-30 16:36:51,2022-12-03 16:36:51
8GC42GFM+AJ,8,2022-10-07 06:30:49,2022-10-11 06:30:49
8G93QM2G+AA,4,2022-12-17 03:21:27,2022-12-20 03:21:27
8G93QM2G+AB,1,2022-10-01 04:46:14,2022-10-06 04:46:14
8G93QM2G+AC,5,2022-10-06 09:33:29,2022-10-07 09:33:29
8G93QM2G+AD,3,2022-12-24 00:54:57,
8G93QM2G+AE,3,2022-11-06 05:08:54,2022-11-11 05:08:54
8G93QM2G+AF,10,2022-11-22 20:42:03,2022-11-26 20:42:03
8G93QM2G+AG,8,2022-10-08 15:10:56,2022-10-10 15:10:56
8G93QM2G+AH,7,2022-10-09 16:59:26,2022-10-13 16:59:26
8G93QM2G+AI,6,2022-11-17 18:33:43,2022-11-18 18:33:43
8G93QM2G+AJ,9,2022-11-18 02:29:04,
8G94PC3H+AA,3,2022-12-04 15:12:55,2022-12-07 15:12:55
8G94PC3H+AB,1,2022-11-19 17:55:22,2022-11-22 17:55:22
8G94PC3H+AC,4,2022-10-12 21:49:18,2022-10-18 21:49:18
8G94PC3H+AD,6,2022-12-13 02:44:21,2022-12-14 02:44:21
8G94PC3H+AE,5,2022-10-12 13:22:06,2022-10-19 13:22:06
8G94PC3H+AF,1,2022-12-02 22:27:52,2022-12-06 22:27:52
8G94PC3H+AG,6,2022-12-16 13:30:04,2022-12-17 13:30:04
8G94PC3H+AH,9,2022-12-07 08:52:48,
8G94PC3H+AI,1,2022-10-04 02:01:21,2022-10-05 02:01:21
8G94PC3H+AJ,5,2022-10-31 14:09:25,
8G94H2XQ+AA,1,2022-10-31 18:05:25,2022-11-06 18:05:25
8G94H2XQ+AB,2,2022-12-24 17:36:58,2022-12-28 17:36:58
8G94H2XQ+AC,5,2022-11-03 15:34:37,2022-11-04 15:34:37
8G94H2XQ+AD,5,2022-10-08 03:18:14,2022-10-12 03:18:14
8G94H2XQ+AE,10,2022-11-20 07:45:30,2022-11-21 07:45:30
8G94H2XQ+AF,3,2022-12-07 02:34:59,2022-12-12 02:34:59
8G94H2XQ+AG,3,2022-10-16 09:07:48,2022-10-19 09:07:48
8G94H2XQ+AH,9,2022-12-05 04:51:10,2022-12-08 04:51:10
8G94H2XQ+AI,6,2022-12-25 09:30:38,2022-12-26 09:30:38
8G94H2XQ+AJ,2,2022-11-27 13:55:07,2022-12-03 13:55:07
8G95Q246+AA,7,2022-10-22 19:00:12,2022-10-25 19:00:12
8G95Q246+AB,7,2022-12-23 14:01:00,2022-12-30 14:01:00
8G95Q246+AC,5,2022-12-20 19:59:41,2022-12-21 19:59:41
8G95Q246+AD,9,2022-11-10 00:25:59,2022-11-12 00:25:59
8G95Q246+AE,10,2022-10-07 18:58:49,2022-10-10 18:58:49
8G95Q246+AF,7,2022-11-21 04:26:32,2022-11-22 04:26:32
8G95Q246+AG,2,2022-11-30 18:52:04,2022-12-06 18:52:04
8G95Q246+AH,1,2022-12-21 13:03:58,2022-12-27 13:03:58
8G95Q246+AI,8,2022-11-25 13:38:24,2022-11-29 13:38:24
8G95Q246+AJ,10,2022-12-02 02:23:11,
8GC37QPP+AA,1,2022-10-15 21:29:00,2022-10-17 21:29:00
8GC37QPP+AB,8,2022-11-20 18:57:39,2022-11-23 18:57:39
8GC37QPP+AC,4,2022-11-25 13:36:55,2022-11-29 13:36:55
8GC37QPP+AD,6,2022-12-19 21:40:31,2022-12-20 21:40:31
8GC37QPP+AE,10,2022-10-07 11:56:31,
8GC37QPP+AF,5,2022-12-18 21:40:39,2022-12-22 21:40:39
8GC37QPP+AG,10,2022-12-22 11:21:32,2022-12-28 11:21:32
8GC37QPP+AH,7,2022-12-16 10:04:38,2022-12-19 10:04:38
8GC37QPP+AI,9,2022-10-20 04:26:51,2022-10-27 04:26:51
8GC37QPP+AJ,6,2022-11-06 20:59:41,2022-11-11 20:59:41
8GC36PWP+AA,8,2022-12-11 00:40:35,2022-12-12 00:40:35
8GC36PWP+AB,5,2022-10-11 11:57:13,2022-10-13 11:57:13
8GC36PWP+AC,7,2022-10-14 03:36:47,
8GC36PWP+AD,2,2022-11-17 19:20:14,2022-11-20 19:20:14
8GC36PWP+AE,3,2022-10-13 05:18:40,2022-10-17 05:18:40
8GC36PWP+AF,4,2022-12-11 10:33:45,2022-12-12 10:33:45
8GC36PWP+AG,9,2022-12-03 00:30:54,2022-12-04 00:30:54
8GC36PWP+AH,8,2022-10-22 10:34:07,2022-10-29 10:34:07
8GC36PWP+AI,7,2022-11-26 18:12:44,2022-11-29 18:12:44
8GC36PWP+AJ,2,2022-11-12 02:33:11,2022-11-17 02:33:11
8GC36P4G+AA,10,2022-11-05 12:21:03,2022-11-07 12:21:03
8GC36P4G+AB,1,2022-12-23 02:51:21,2022-12-25 02:51:21
8GC36P4G+AC,8,2022-10-05 01:28:07,2022-10-11 01:28:07
8GC36P4G+AD,7,2022-12-15 07:47:27,2022-12-17 07:47:27
8GC36P4G+AE,7,2022-12-02 15:04:19,2022-12-04 15:04:19
8GC36P4G+AF,9,2022-12-12 00:59:48,2022-12-15 00:59:48
8GC36P4G+AG,9,2022-12-27 18:57:12,2022-12-28 18:57:12
8GC36P4G+AH,5,2022-12-11 05:37:40,2022-12-14 05:37:40
8GC36P4G+AI,8,2022-12-13 15:45:22,2022-12-18 15:45:22
8GC36P4G+AJ,4,2022-12-13 10:12:36,2022-12-15 10:12:36
8GC32Q3R+AA,2,2022-11-02 16:51:08,2022-11-03 16:51:08
8GC32Q3R+AB,10,2022-10-27 05:06:00,2022-10-29 05:06:00
8GC32Q3R+AC,4,2022-10-27 14:24:21,2022-10-29 14:24:21
8GC32Q3R+AD,7,2022-10-09 14:27:09,2022-10-10 14:27:09
8GC32Q3R+AE,10,2022-10-11 17:11:53,2022-10-14 17:11:53
8GC32Q3R+AF,6,2022-12-21 13:28:56,2022-12-26 13:28:56
8GC32Q3R+AG,7,2022-10-02 13:54:32,
8GC32Q3R+AH,10,2022-12-18 06:44:33,2022-12-21 06:44:33
8GC32Q3R+AI,6,2022-11-23 15:06:26,2022-11-27 15:06:26
8GC32Q3R+AJ,1,2022-10-04 18:34:29,2022-10-07 18:34:29
8GC42GFM+AA,10,2022-10-22 06:15:58,2022-10-29 06:15:58
8GC42GFM+AB,4,2022-11-14 12:32:51,2022-11-20 12:32:51
8GC42GFM+AC,4,2022-10-27 10:24:08,2022-11-02 10:24:08
8GC42GFM+AD,8,2022-10-17 22:10:34,2022-10-24 22:10:34
8GC42GFM+AE,1,2022-12-19 22:55:44,2022-12-26 22:55:44
8GC42GFM+AF,4,2022-11-08 15:53:03,2022-11-09 15:53:03
8GC42GFM+AG,7,2022-10-20 17:56:31,2022-10-23 17:56:31
8GC42GFM+AH,8,2022-11-22 08:58:49,2022-11-23 08:58:49
8GC42GFM+AI,6,2022-11-12 17:30:06,2022-11-15 17:30:06
8GC42GFM+AJ,4,2022-12-04 09:12:19,2022-12-11 09:12:19
8G93QM2G+AA,8,2022-12-07 05:45:38,2022-12-09 05:45:38
8G93QM2G+AB,4,2022-11-05 05:20:36,2022-11-07 05:20:36
8G93QM2G+AC,4,2022-11-29 05:23:42,2022-12-02 05:23:42
8G93QM2G+AD,1,2022-12-08 04:36:50,2022-12-15 04:36:50
8G93QM2G+AE,2,2022-12-11 06:10:06,2022-12-17 06:10:06
8G93QM2G+AF,2,2022-10-28 23:34:49,
8G93QM2G+AG,6,2022-11-14 00:34:24,2022-11-18 00:34:24
8G93QM2G+AH,3,2022-12-11 01:29:45,2022-12-12 01:29:45
8G93QM2G+AI,4,2022-10-16 22:46:23,2022-10-19 22:46:23
8G93QM2G+AJ,8,2022-10-12 10:49:19,
8G94PC3H+AA,8,2022-10-28 10:08:20,2022-11-03 10:08:20
8G94PC3H+AB,6,2022-12-12 21:31:26,2022-12-19 21:31:26
8G94PC3H+AC,10,2022-10-16 08:48:09,2022-10-17 08:48:09
8G94PC3H+AD,10,2022-12-24 00:00:22,2022-12-25 00:00:22
8G94PC3H+AE,10,2022-12-06 17:17:15,2022-12-09 17:17:15
8G94PC3H+AF,6,2022-10-29 12:47:13,2022-10-31 12:47:13
8G94PC3H+AG,6,2022-12-10 00:26:43,2022-12-11 00:26:43
8G94PC3H+AH,5,2022-11-24 22:01:26,2022-11-26 22:01:26
8G94PC3H+AI,10,2022-11-11 00:02:53,2022-11-18 00:02:53
8G94PC3H+AJ,6,2022-10-16 12:08:44,2022-10-21 12:08:44
8G94H2XQ+AA,9,2022-11-04 15:57:12,
8G94H2XQ+AB,10,2022-11-16 19:40:03,2022-11-18 19:40:03
8G94H2XQ+AC,4,2022-11-08 17:56:46,2022-11-09 17:56:46
8G94H2XQ+AD,5,2022-11-20 08:56:24,2022-11-25 08:56:24
8G94H2XQ+AE,7,2022-12-25 04:13:27,2022-12-30 04:13:27
8G94H2XQ+AF,9,2022-10-06 11:14:17,2022-10-08 11:14:17
8G94H2XQ+AG,4,2022-11-18 15:30:42,2022-11-22 15:30:42
8G94H2XQ+AH,8,2022-10-09 12:01:25,2022-10-15 12:01:25
8G94H2XQ+AI,9,2022-12-13 14:21:55,2022-12-20 14:21:55
8G94H2XQ+AJ,7,2022-11-13 17:23:36,2022-11-20 17:23:36
8G95Q246+AA,3,2022-12-03 02:36:57,2022-12-06 02:36:57
8G95Q246+AB,10,2022-10-29 16:11:41,2022-11-02 16:11:41
8G95Q246+AC,4,2022-11-09 23:28:14,2022-11-11 23:28:14
8G95Q246+AD,4,2022-12-14 11:04:21,2022-12-18 11:04:21
8G95Q246+AE,8,2022-11-30 21:47:16,2022-12-04 21:47:16
8G95Q246+AF,4,2022-11-16 05:57:43,
8G95Q246+AG,5,2022-10-04 11:35:25,
8G95Q246+AH,8,2022-10-02 10:03:33,2022-10-09 10:03:33
8G95Q246+AI,6,2022-11-29 12:44:29,2022-12-01 12:44:29
8G95Q246+AJ,7,2022-11-02 20:48:47,2022-11-04 20:48:47
8GC37QPP+AA,6,2022-11-12 14:17:22,2022-11-16 14:17:22
8GC37QPP+AB,2,2022-10-31 02:59:59,2022-11-07 02:59:59
8GC37QPP+AC,6,2022-12-15 23:06:41,2022-12-20 23:06:41
8GC37QPP+AD,1,2022-10-26 17:28:26,2022-10-28 17:28:26
8GC37QPP+AE,3,2022-11-04 22:24:39,2022-11-11 22:24:39
8GC37QPP+AF,1,2022-10-27 23:46:24,2022-10-28 23:46:24
8GC37QPP+AG,6,2022-12-05 08:42:30,2022-12-09 08:42:30
8GC37QPP+AH,6,2022-11-17 11:39:48,2022-11-24 11:39:48
8GC37QPP+AI,7,2022-10-17 15:45:14,2022-10-18 15:45:14
8GC37QPP+AJ,4,2022-10-08 09:43:00,2022-10-13 09:43:00
8GC36PWP+AA,4,2022-11-27 15:24:17,2022-12-04 15:24:17
8GC36PWP+AB,2,2022-11-16 19:43:51,2022-11-21 19:43:51
8GC36PWP+AC,7,2022-10-25 13:26:07,2022-10-28 13:26:07
8GC36PWP+AD,10,2022-12-14 02:08:12,2022-12-17 02:08:12
8GC36PWP+AE,8,2022-10-07 09:53:32,2022-10-12 09:53:32
8GC36PWP+AF,7,2022-10-01 10:48:14,2022-10-07 10:48:14
8GC36PWP+AG,5,2022-12-17 02:59:57,2022-12-24 02:59:57
8GC36PWP+AH,9,2022-12-20 08:57:51,2022-12-23 08:57:51
8GC36PWP+AI,10,2022-12-09 21:05:31,2022-12-10 21:05:31
8GC36PWP+AJ,3,2022-12-12 10:29:52,2022-12-13 10:29:52
8GC36P4G+AA,7,2022-12-22 17:25:48,2022-12-24 17:25:48
8GC36P4G+AB,8,2022-11-08 07:12:31,2022-11-10 07:12:31
8GC36P4G+AC,9,2022-12-19 14:01:13,2022-12-21 14:01:13
8GC36P4G+AD,8,2022-10-17 17:19:20,2022-10-22 17:19:20
8GC36P4G+AE,9,2022-10-01 17:23:10,2022-10-06 17:23:10
8GC36P4G+AF,5,2022-10-26 11:48:30,
8GC36P4G+AG,2,2022-12-03 18:28:39,2022-12-10 18:28:39
8GC36P4G+AH,10,2022-10-11 19:54:52,2022-10-16 19:54:52
8GC36P4G+AI,8,2022-10-04 08:08:32,2022-10-06 08:08:32
8GC36P4G+AJ,2,2022-11-24 10:28:45,2022-11-26 10:28:45
8GC32Q3R+AA,3,2022-12-20 06:23:00,2022-12-26 06:23:00
8GC32Q3R+AB,2,2022-10-02 10:34:04,2022-10-09 10:34:04
8GC32Q3R+AC,1,2022-10-21 13:21:39,2022-10-27 13:21:39
8GC32Q3R+AD,1,2022-10-20 23:46:11,2022-10-27 23:46:11
8GC32Q3R+AE,10,2022-11-17 12:07:40,2022-11-22 12:07:40
8GC32Q3R+AF,8,2022-11-26 06:50:56,2022-12-02 06:50:56
8GC32Q3R+AG,3,2022-10-28 15:11:02,2022-10-30 15:11:02
8GC32Q3R+AH,7,2022-11-09 16:25:26,
8GC32Q3R+AI,4,2022-11-17 01:42:13,2022-11-23 01:42:13
8GC32Q3R+AJ,6,2022-10-04 11:13:35,2022-10-09 11:13:35
8GC42GFM+AA,4,2022-12-26 02:18:25,2023-01-01 02:18:25
8GC42GFM+AB,7,2022-10-14 02:49:23,2022-10-17 02:49:23
8GC42GFM+AC,6,2022-10-22 19:47:11,2022-10-24 19:47:11
8GC42GFM+AD,5,2022-11-08 10:57:01,2022-11-13 10:57:01
8GC42GFM+AE,4,2022-10-27 19:24:31,2022-10-29 19:24:31
8GC42GFM+AF,8,2022-12-07 21:31:16,2022-12-14 21:31:16
8GC42GFM+AG,9,2022-11-23 19:30:55,2022-11-29 19:30:55
8GC42GFM+AH,7,2022-12-26 22:10:15,2022-12-27 22:10:15
8GC42GFM+AI,5,2022-10-11 23:52:52,2022-10-18 23:52:52
8GC42GFM+AJ,1,2022-11-20 06:14:00,2022-11-25 06:14:00
8G93QM2G+AA,2,2022-11-21 20:30:52,2022-11-23 20:30:52
8G93QM2G+AB,6,2022-12-27 10:20:06,2023-01-03 10:20:06
8G93QM2G+AC,6,2022-11-29 01:42:25,2022-12-02 01:42:25
8G93QM2G+AD,9,2022-11-23 03:03:52,2022-11-30 03:03:52
8G93QM2G+AE,9,2022-12-09 00:43:53,2022-12-14 00:43:53
8G93QM2G+AF,5,2022-11-09 23:54:34,2022-11-12 23:54:34
8G93QM2G+AG,5,2022-10-23 08:17:14,2022-10-28 08:17:14
8G93QM2G+AH,4,2022-12-13 18:51:02,2022-12-18 18:51:02
8G93QM2G+AI,3,2022-10-23 15:09:41,2022-10-27 15:09:41
8G93QM2G+AJ,9,2022-11-18 22:39:49,2022-11-19 22:39:49
8G94PC3H+AA,2,2022-10-30 08:59:08,2022-10-31 08:59:08
8G94PC3H+AB,6,2022-12-03 00:42:11,2022-12-09 00:42:11
8G94PC3H+AC,7,2022-10-25 00:18:52,2022-10-30 00:18:52
8G94PC3H+AD,9,2022-11-10 12:42:00,2022-11-15 12:42:00
8G94PC3H+AE,7,2022-11-27 11:11:23,2022-11-30 11:11:23
8G94PC3H+AF,4,2022-11-23 00:14:07,2022-11-28 00:14:07
8G94PC3H+AG,6,2022-10-08 19:14:05,2022-10-12 19:14:05
8G94PC3H+AH,3,2022-11-24 09:32:58,2022-11-28 09:32:58
8G94PC3H+AI,8,2022-10-22 11:28:32,2022-10-24 11:28:32
8G94PC3H+AJ,4,2022-12-14 10:04:24,
8G94H2XQ+AA,5,2022-12-14 07:40:20,2022-12-15 07:40:20
8G94H2XQ+AB,2,2022-12-06 10:42:23,2022-12-11 10:42:23
8G94H2XQ+AC,5,2022-10-30 12:18:59,2022-10-31 12:18:59
8G94H2XQ+AD,3,2022-12-12 11:20:02,2022-12-14 11:20:02
8G94H2XQ+AE,4,2022-11-12 06:35:16,2022-11-16 06:35:16
8G94H2XQ+AF,7,2022-10-15 06:24:10,2022-10-19 06:24:10
8G94H2XQ+AG,4,2022-11-15 10:57:16,2022-11-21 10:57:16
8G94H2XQ+AH,1,2022-11-05 05:11:13,2022-11-06 05:11:13
8G94H2XQ+AI,9,2022-11-28 08:01:44,2022-12-05 08:01:44
8G94H2XQ+AJ,8,2022-10-06 13:58:15,2022-10-09 13:58:15
8G95Q246+AA,5,2022-10-06 23:43:15,2022-10-10 23:43:15
8G95Q246+AB,4,2022-10-28 07:12:32,2022-11-02 07:12:32
8G95Q246+AC,1,2022-12-09 19:36:01,2022-12-13 19:36:01
8G95Q246+AD,2,2022-12-26 13:29:20,
8G95Q246+AE,9,2022-10-19 06:16:06,2022-10-24 06:16:06
8G95Q246+AF,1,2022-12-10 06:51:34,2022-12-16 06:51:34
8G95Q246+AG,8,2022-11-07 17:40:44,2022-11-08 17:40:44
8G95Q246+AH,8,2022-11-10 06:39:55,2022-11-12 06:39:55
8G95Q246+AI,1,2022-11-09 13:12:11,2022-11-15 13:12:11
8G95Q246+AJ,7,2022-11-15 11:17:42,
8GC37QPP+AA,8,2022-11-04 05:17:08,2022-11-05 05:17:08
8GC37QPP+AB,6,2022-11-25 05:29:00,2022-11-30 05:29:00
8GC37QPP+AC,2,2022-11-22 16:46:22,2022-11-25 16:46:22
8GC37QPP+AD,3,2022-11-25 14:50:07,2022-11-30 14:50:07
8GC37QPP+AE,8,2022-11-28 06:14:00,2022-11-29 06:14:00
8GC37QPP+AF,7,2022-11-16 12:56:27,2022-11-20 12:56:27
8GC37QPP+AG,4,2022-12-22 22:32:11,2022-12-29 22:32:11
8GC37QPP+AH,10,2022-11-09 05:06:20,2022-11-15 05:06:20
8GC37QPP+AI,5,2022-10-19 18:50:14,2022-10-26 18:50:14
8GC37QPP+AJ,6,2022-12-14 12:03:48,2022-12-15 12:03:48
8GC36PWP+AA,7,2022-10-26 16:25:16,2022-10-27 16:25:16
8GC36PWP+AB,1,2022-10-26 15:14:22,2022-11-01 15:14:22
8GC36PWP+AC,6,2022-12-21 13:40:58,2022-12-25 13:40:58
8GC36PWP+AD,10,2022-11-19 13:16:10,2022-11-20 13:16:10
8GC36PWP+AE,3,2022-11-10 22:17:22,2022-11-15 22:17:22
8GC36PWP+AF,1,2022-12-12 21:39:28,2022-12-14 21:39:28
8GC36PWP+AG,10,2022-11-07 14:28:36,2022-11-14 14:28:36
8GC36PWP+AH,1,2022-12-07 20:19:17,2022-12-11 20:19:17
8GC36PWP+AI,9,2022-10-24 14:14:42,2022-10-31 14:14:42
8GC36PWP+AJ,5,2022-10-18 05:03:34,2022-10-20 05:03:34
8GC36P4G+AA,1,2022-11-21 19:20:52,2022-11-23 19:20:52
8GC36P4G+AB,8,2022-10-30 06:04:06,2022-11-03 06:04:06
8GC36P4G+AC,5,2022-10-19 10:39:52,2022-10-25 10:39:52
8GC36P4G+AD,10,2022-11-20 03:06:14,2022-11-23 03:06:14
8GC36P4G+AE,5,2022-11-05 05:06:50,2022-11-09 05:06:50
8GC36P4G+AF,5,2022-10-10 21:22:49,2022-10-16 21:22:49
8GC36P4G+AG,7,2022-12-26 21:50:29,2022-12-31 21:50:29
8GC36P4G+AH,4,2022-10-11 06:05:59,2022-10-15 06:05:59
8GC36P4G+AI,4,2022-10-31 06:49:17,2022-11-02 06:49:17
8GC36P4G+AJ,6,2022-12-06 09:10:46,2022-12-13 09:10:46
8GC32Q3R+AA,7,2022-10-23 15:35:03,2022-10-25 15:35:03
8GC32Q3R+AB,3,2022-11-25 21:20:39,2022-11-26 21:20:39
8GC32Q3R+AC,10,2022-12-22 00:46:42,2022-12-24 00:46:42
8GC32Q3R+AD,5,2022-11-13 14:58:49,2022-11-20 14:58:49
8GC32Q3R+AE,4,2022-11-04 22:30:09,2022-11-11 22:30:09
8GC32Q3R+AF,7,2022-12-26 12:16:18,2022-12-31 12:16:18
8GC32Q3R+AG,3,2022-12-24 03:16:24,2022-12-26 03:16:24
8GC32Q3R+AH,2,2022-12-05 02:42:38,2022-12-12 02:42:38
8GC32Q3R+AI,2,2022-10-20 07:36:42,2022-10-23 07:36:42
8GC32Q3R+AJ,3,2022-12-07 14:44:15,2022-12-14 14:44:15
8GC42GFM+AA,10,2022-12-12 04:06:47,2022-12-15 04:06:47
8GC42GFM+AB,10,2022-10-16 03:17:56,2022-10-22 03:17:56
8GC42GFM+AC,3,2022-12-10 18:07:12,2022-12-16 18:07:12
8GC42GFM+AD,1,2022-12-25 15:45:43,2022-12-29 15:45:43
8GC42GFM+AE,9,2022-12-04 00:14:18,
8GC42GFM+AF,1,2022-11-19 14:19:01,2022-11-21 14:19:01
8GC42GFM+AG,10,2022-10-28 08:22:50,2022-10-30 08:22:50
8GC42GFM+AH,3,2022-11-12 21:40:41,2022-11-19 21:40:41
8GC42GFM+AI,9,2022-10-10 16:35:24,2022-10-16 16:35:24
8GC42GFM+AJ,6,2022-12-15 13:47:15,2022-12-20 13:47:15
8G93QM2G+AA,7,2022-10-23 22:29:27,2022-10-25 22:29:27
8G93QM2G+AB,6,2022-11-13 17:44:35,2022-11-16 17:44:35
8G93QM2G+AC,4,2022-12-17 00:16:22,2022-12-21 00:16:22
8G93QM2G+AD,2,2022-12-06 05:44:58,
8G93QM2G+AE,6,2022-12-08 12:51:43,
8G93QM2G+AF,8,2022-12-13 21:58:58,2022-12-15 21:58:58
8G93QM2G+AG,10,2022-11-25 03:24:04,2022-12-02 03:24:04
8G93QM2G+AH,4,2022-11-19 02:53:36,2022-11-25 02:53:36
8G93QM2G+AI,6,2022-12-01 11:32:22,2022-12-04 11:32:22
8G93QM2G+AJ,9,2022-12-11 13:28:29,2022-12-16 13:28:29
8G94PC3H+AA,7,2022-12-26 08:50:58,
8G94PC3H+AB,9,2022-11-07 20:22:56,2022-11-14 20:22:56
8G94PC3H+AC,9,2022-10-05 04:15:19,2022-10-10 04:15:19
8G94PC3H+AD,6,2022-12-26 23:11:21,2022-12-27 23:11:21
8G94PC3H+AE,1,2022-11-27 17:59:53,2022-12-01 17:59:53
8G94PC3H+AF,1,2022-12-21 13:31:21,2022-12-25 13:31:21
8G94PC3H+AG,4,2022-12-09 07:21:42,2022-12-12 07:21:42
8G94PC3H+AH,9,2022-10-16 23:23:19,2022-10-19 23:23:19
8G94PC3H+AI,5,2022-11-03 15:08:44,2022-11-07 15:08:44
8G94PC3H+AJ,1,2022-12-08 04:38:42,2022-12-11 04:38:42
8G94H2XQ+AA,1,2022-10-13 18:00:31,2022-10-19 18:00:31
8G94H2XQ+AB,8,2022-10-05 23:11:04,2022-10-10 23:11:04
8G94H2XQ+AC,2,2022-10-16 23:35:33,2022-10-18 23:35:33
8G94H2XQ+AD,10,2022-12-06 10:42:19,2022-12-07 10:42:19
8G94H2XQ+AE,7,2022-11-28 20:45:46,2022-12-04 20:45:46
8G94H2XQ+AF,1,2022-12-09 23:41:18,2022-12-13 23:41:18
8G94H2XQ+AG,2,2022-12-16 06:07:39,2022-12-20 06:07:39
8G94H2XQ+AH,5,2022-12-05 11:45:28,2022-12-08 11:45:28
8G94H2XQ+AI,8,2022-12-04 07:52:06,2022-12-08 07:52:06
8G94H2XQ+AJ,7,2022-12-25 19:56:53,2022-12-26 19:56:53
8G95Q246+AA,4,2022-11-22 18:02:35,2022-11-26 18:02:35
8G95Q246+AB,8,2022-12-20 16:16:48,
8G95Q246+AC,3,2022-10-23 02:47:54,2022-10-25 02:47:54
8G95Q246+AD,3,2022-11-15 09:46:34,2022-11-16 09:46:34
8G95Q246+AE,10,2022-12-08 08:19:45,2022-12-15 08:19:45
8G95Q246+AF,4,2022-12-27 13:21:11,2023-01-02 13:21:11
8G95Q246+AG,7,2022-12-22 05:58:30,2022-12-26 05:58:30
8G95Q246+AH,10,2022-12-23 11:53:52,2022-12-29 11:53:52
8G95Q246+AI,9,2022-12-07 20:32:51,2022-12-11 20:32:51
8G95Q246+AJ,9,2022-11-12 06:03:52,2022-11-16 06:03:52
8GC37QPP+AA,1,2022-11-20 01:37:30,2022-11-24 01:37:30
8GC37QPP+AB,7,2022-11-25 06:22:57,2022-11-30 06:22:57
8GC37QPP+AC,7,2022-10-26 23:48:29,2022-10-28 23:48:29
8GC37QPP+AD,6,2022-11-01 05:18:49,2022-11-07 05:18:49
8GC37QPP+AE,6,2022-11-05 23:28:43,2022-11-11 23:28:43
8GC37QPP+AF,9,2022-12-26 12:17:39,2022-12-28 12:17:39
8GC37QPP+AG,1,2022-12-17 06:16:18,2022-12-24 06:16:18
8GC37QPP+AH,5,2022-12-02 21:12:59,2022-12-05 21:12:59
8GC37QPP+AI,3,2022-12-15 15:29:07,2022-12-22 15:29:07
8GC37QPP+AJ,10,2022-11-10 12:17:26,
8GC36PWP+AA,10,2022-12-13 13:55:02,2022-12-20 13:55:02
8GC36PWP+AB,7,2022-11-03 20:59:43,2022-11-06 20:59:43
8GC36PWP+AC,3,2022-11-29 10:58:01,2022-12-04 10:58:01
8GC36PWP+AD,4,2022-11-25 17:43:22,2022-11-30 17:43:22
8GC36PWP+AE,8,2022-12-16 12:55:58,2022-12-18 12:55:58
8GC36PWP+AF,8,2022-12-23 08:13:51,2022-12-26 08:13:51
8GC36PWP+AG,5,2022-10-31 12:12:12,2022-11-07 12:12:12
8GC36PWP+AH,6,2022-11-25 00:52:17,2022-12-02 00:52:17
8GC36PWP+AI,7,2022-10-10 14:06:58,2022-10-15 14:06:58
8GC36PWP+AJ,7,2022-11-05 15:22:17,2022-11-08 15:22:17
8GC36P4G+AA,2,2022-11-17 20:37:05,2022-11-24 20:37:05
8GC36P4G+AB,2,2022-10-03 18:43:12,2022-10-10 18:43:12
8GC36P4G+AC,4,2022-10-16 22:05:10,2022-10-22 22:05:10
8GC36P4G+AD,7,2022-10-13 17:02:05,2022-10-19 17:02:05
8GC36P4G+AE,4,2022-10-23 01:31:29,2022-10-27 01:31:29
8GC36P4G+AF,3,2022-10-16 09:11:33,2022-10-21 09:11:33
8GC36P4G+AG,9,2022-10-24 19:41:54,2022-10-30 19:41:54
8GC36P4G+AH,1,2022-11-25 03:45:31,2022-12-02 03:45:31
8GC36P4G+AI,3,2022-12-17 18:02:07,
8GC36P4G+AJ,3,2022-12-01 19:20:39,2022-12-06 19:20:39
8GC32Q3R+AA,8,2022-10-25 22:40:52,2022-10-27 22:40:52
8GC32Q3R+AB,3,2022-11-25 19:14:29,2022-11-28 19:14:29
8GC32Q3R+AC,9,2022-10-19 09:28:28,2022-10-22 09:28:28
8GC32Q3R+AD,3,2022-10-10 04:11:02,2022-10-11 04:11:02
8GC32Q3R+AE,4,2022-12-06 16:50:59,2022-12-08 16:50:59
8GC32Q3R+AF,2,2022-10-24 01:56:21,2022-10-30 01:56:21
8GC32Q3R+AG,3,2022-12-21 13:15:43,2022-12-27 13:15:43
8GC32Q3R+AH,9,2022-11-26 17:25:54,2022-12-02 17:25:54
8GC32Q3R+AI,1,2022-11-04 23:08:38,2022-11-11 23:08:38
8GC32Q3R+AJ,3,2022-11-14 16:52:55,2022-11-21 16:52:55
8GC42GFM+AA,10,2022-11-06 00:36:23,2022-11-10 00:36:23
8GC42GFM+AB,2,2022-10-30 03:24:35,2022-11-04 03:24:35
8GC42GFM+AC,4,2022-10-24 18:23:05,2022-10-29 18:23:05
8GC42GFM+AD,2,2022-12-13 07:43:22,2022-12-17 07:43:22
8GC42GFM+AE,5,2022-12-14 21:08:49,2022-12-15 21:08:49
8GC42GFM+AF,2,2022-11-28 02:45:20,2022-12-04 02:45:20
8GC42GFM+AG,7,2022-12-15 10:32:49,2022-12-18 10:32:49
8GC42GFM+AH,2,2022-10-29 19:43:45,2022-11-02 19:43:45
8GC42GFM+AI,9,2022-10-13 09:47:02,
8GC42GFM+AJ,9,2022-12-08 04:09:14,2022-12-13 04:09:14
8G93QM2G+AA,6,2022-11-30 12:32:50,2022-12-03 12:32:50
8G93QM2G+AB,1,2022-10-08 03:14:03,2022-10-11 03:14:03
8G93QM2G+AC,2,2022-11-23 02:57:33,2022-11-25 02:57:33
8G93QM2G+AD,5,2022-10-31 20:14:05,2022-11-02 20:14:05
8G93QM2G+AE,3,2022-11-11 14:28:29,2022-11-17 14:28:29
8G93QM2G+AF,9,2022-11-07 00:36:45,2022-11-10 00:36:45
8G93QM2G+AG,9,2022-12-13 05:14:07,2022-12-15 05:14:07
8G93QM2G+AH,2,2022-11-01 17:21:14,2022-11-02 17:21:14
8G93QM2G+AI,10,2022-10-20 04:21:29,2022-10-27 04:21:29
8G93QM2G+AJ,1,2022-10-07 23:40:49,2022-10-10 23:40:49
8G94PC3H+AA,10,2022-12-18 14:46:48,2022-12-25 14:46:48
8G94PC3H+AB,3,2022-12-21 18:59:49,2022-12-24 18:59:49
8G94PC3H+AC,10,2022-12-25 14:01:42,2022-12-29 14:01:42
8G94PC3H+AD,8,2022-10-03 19:14:52,2022-10-10 19:14:52
8G94PC3H+AE,9,2022-11-18 19:09:37,2022-11-22 19:09:37
8G94PC3H+AF,6,2022-11-29 22:24:54,
8G94PC3H+AG,8,2022-11-21 08:12:36,2022-11-22 08:12:36
8G94PC3H+AH,2,2022-11-30 21:13:27,2022-12-05 21:13:27
8G94PC3H+AI,9,2022-10-24 15:37:23,2022-10-30 15:37:23
8G94PC3H+AJ,5,2022-11-10 21:49:13,
8G94H2XQ+AA,6,2022-11-13 16:49:56,2022-11-16 16:49:56
8G94H2XQ+AB,3,2022-11-09 14:01:58,2022-11-11 14:01:58
8G94H2XQ+AC,6,2022-12-03 11:02:42,2022-12-04 11:02:42
8G94H2XQ+AD,8,2022-10-04 02:23:40,2022-10-11 02:23:40
8G94H2XQ+AE,6,2022-11-24 06:22:22,2022-11-28 06:22:22
8G94H2XQ+AF,10,2022-11-16 08:26:00,2022-11-19 08:26:00
8G94H2XQ+AG,8,2022-10-23 17:39:35,
8G94H2XQ+AH,5,2022-12-14 16:08:31,2022-12-21 16:08:31
8G94H2XQ+AI,4,2022-10-28 17:49:32,2022-10-31 17:49:32
8G94H2XQ+AJ,5,2022-10-28 18:56:09,2022-11-02 18:56:09
8G95Q246+AA,6,2022-11-04 15:09:49,2022-11-09 15:09:49
8G95Q246+AB,6,2022-12-24 09:27:23,2022-12-26 09:27:23
8G95Q246+AC,1,2022-10-02 09:53:57,2022-10-04 09:53:57
8G95Q246+AD,1,2022-11-04 06:42:39,2022-11-09 06:42:39
8G95Q246+AE,5,2022-12-14 06:02:55,2022-12-15 06:02:55
8G95Q246+AF,6,2022-11-05 00:17:40,
8G95Q246+AG,3,2022-11-18 21:35:57,2022-11-22 21:35:57
8G95Q246+AH,7,2022-11-02 21:02:46,2022-11-07 21:02:46
8G95Q246+AI,6,2022-12-07 06:11:51,
8G95Q246+AJ,5,2022-11-28 13:34:41,
8GC37QPP+AA,5,2022-10-25 18:13:39,2022-10-28 18:13:39
8GC37QPP+AB,7,2022-10-12 08:17:39,2022-10-16 08:17:39
8GC37QPP+AC,10,2022-11-07 10:11:39,2022-11-13 10:11:39
8GC37QPP+AD,9,2022-11-15 16:43:56,
8GC37QPP+AE,4,2022-11-27 20:21:18,2022-12-04 20:21:18
8GC37QPP+AF,1,2022-11-03 05:06:56,2022-11-04 05:06:56
8GC37QPP+AG,3,2022-10-12 10:57:29,2022-10-16 10:57:29
8GC37QPP+AH,3,2022-12-25 17:44:05,2022-12-29 17:44:05
8GC37QPP+AI,9,2022-11-16 04:19:05,2022-11-19 04:19:05
8GC37QPP+AJ,1,2022-11-04 05:53:11,2022-11-11 05:53:11
8GC36PWP+AA,5,2022-10-25 10:33:22,2022-10-31 10:33:22
8GC36PWP+AB,8,2022-12-25 04:55:04,2022-12-30 04:55:04
8GC36PWP+AC,4,2022-12-27 10:05:48,
8GC36PWP+AD,8,2022-11-06 07:11:10,2022-11-07 07:11:10
8GC36PWP+AE,2,2022-11-06 23:45:35,2022-11-11 23:45:35
8GC36PWP+AF,9,2022-10-29 15:06:46,2022-11-04 15:06:46
8GC36PWP+AG,9,2022-10-31 00:31:22,2022-11-05 00:31:22
8GC36PWP+AH,4,2022-11-15 04:18:18,2022-11-19 04:18:18
8GC36PWP+AI,2,2022-12-11 07:45:45,2022-12-13 07:45:45
8GC36PWP+AJ,6,2022-11-04 19:08:06,2022-11-10 19:08:06
8GC36P4G+AA,7,2022-11-05 15:42:08,2022-11-12 15:42:08
8GC36P4G+AB,6,2022-12-05 16:26:52,2022-12-09 16:26:52
8GC36P4G+AC,9,2022-10-29 08:26:35,2022-10-30 08:26:35
8GC36P4G+AD,6,2022-11-13 15:45:38,2022-11-20 15:45:38
8GC36P4G+AE,9,2022-11-17 11:01:52,2022-11-22 11:01:52
8GC36P4G+AF,8,2022-10-26 18:21:55,2022-10-28 18:21:55
8GC36P4G+AG,6,2022-10-02 17:42:03,2022-10-07 17:42:03
8GC36P4G+AH,8,2022-10-31 02:04:43,
8GC36P4G+AI,9,2022-11-18 15:13:26,
8GC36P4G+AJ,5,2022-12-25 07:48:42,2022-12-26 07:48:42
8GC32Q3R+AA,9,2022-12-21 11:39:29,2022-12-28 11:39:29
8GC32Q3R+AB,8,2022-12-22 05:46:12,2022-12-27 05:46:12
8GC32Q3R+AC,1,2022-12-06 15:45:46,2022-12-07 15:45:46
8GC32Q3R+AD,8,2022-11-06 19:43:16,2022-11-13 19:43:16
8GC32Q3R+AE,8,2022-11-24 17:11:25,
8GC32Q3R+AF,4,2022-11-14 17:24:31,2022-11-19 17:24:31
8GC32Q3R+AG,1,2022-11-17 23:17:56,2022-11-23 23:17:56
8GC32Q3R+AH,7,2022-11-09 17:21:41,2022-11-11 17:21:41
8GC32Q3R+AI,5,2022-10-21 08:54:10,2022-10-24 08:54:10
8GC32Q3R+AJ,5,2022-11-16 22:34:18,2022-11-19 22:34:18
8GC42GFM+AA,6,2022-11-05 22:00:59,2022-11-10 22:00:59
8GC42GFM+AB,3,2022-11-21 22:53:58,2022-11-27 22:53:58
8GC42GFM+AC,5,2022-11-01 05:41:24,2022-11-05 05:41:24
8GC42GFM+AD,4,2022-11-19 02:39:51,2022-11-25 02:39:51
8GC42GFM+AE,10,2022-10-22 11:38:36,2022-10-29 11:38:36
8GC42GFM+AF,6,2022-10-04 03:10:30,2022-10-11 03:10:30
8GC42GFM+AG,6,2022-11-28 16:18:49,2022-12-03 16:18:49
8GC42GFM+AH,2,2022-11-09 17:23:37,
8GC42GFM+AI,7,2022-10-20 03:13:02,2022-10-24 03:13:02
8GC42GFM+AJ,9,2022-11-12 22:04:13,
8G93QM2G+AA,6,2022-10-14 12:19:25,2022-10-18 12:19:25
8G93QM2G+AB,5,2022-12-02 06:23:01,2022-12-08 06:23:01
8G93QM2G+AC,2,2022-12-12 00:07:58,2022-12-13 00:07:58
8G93QM2G+AD,5,2022-11-24 15:02:47,2022-11-28 15:02:47
8G93QM2G+AE,9,2022-11-29 03:54:07,2022-12-06 03:54:07
8G93QM2G+AF,8,2022-12-05 15:20:25,2022-12-10 15:20:25
8G93QM2G+AG,10,2022-10-15 03:17:00,2022-10-18 03:17:00
8G93QM2G+AH,6,2022-12-21 17:35:13,2022-12-23 17:35:13
8G93QM2G+AI,5,2022-12-16 14:58:13,2022-12-21 14:58:13
8G93QM2G+AJ,7,2022-11-01 15:36:26,2022-11-05 15:36:26
8G94PC3H+AA,3,2022-12-02 16:55:12,2022-12-07 16:55:12
8G94PC3H+AB,1,2022-11-19 04:47:18,2022-11-26 04:47:18
8G94PC3H+AC,4,2022-12-02 19:23:57,2022-12-03 19:23:57
8G94PC3H+AD,3,2022-12-12 23:02:49,2022-12-13 23:02:49
8G94PC3H+AE,5,2022-10-18 11:14:01,2022-10-21 11:14:01
8G94PC3H+AF,5,2022-11-06 00:49:21,2022-11-12 00:49:21
8G94PC3H+AG,2,2022-10-20 03:19:16,2022-10-24 03:19:16
8G94PC3H+AH,1,2022-10-17 19:57:07,2022-10-24 19:57:07
8G94PC3H+AI,8,2022-12-04 04:02:44,2022-12-07 04:02:44
8G94PC3H+AJ,10,2022-10-25 12:07:44,2022-10-28 12:07:44
8G94H2XQ+AA,8,2022-11-22 04:53:26,2022-11-28 04:53:26
8G94H2XQ+AB,9,2022-11-08 21:43:46,2022-11-11 21:43:46
8G94H2XQ+AC,3,2022-12-17 08:45:59,2022-12-19 08:45:59
8G94H2XQ+AD,2,2022-12-14 18:23:11,2022-12-18 18:23:11
8G94H2XQ+AE,1,2022-12-01 17:21:42,2022-12-05 17:21:42
8G94H2XQ+AF,6,2022-12-04 07:11:35,2022-12-06 07:11:35
8G94H2XQ+AG,10,2022-11-19 14:17:48,2022-11-25 14:17:48
8G94H2XQ+AH,10,2022-12-09 05:20:38,2022-12-15 05:20:38
8G94H2XQ+AI,8,2022-11-24 12:34:55,2022-11-27 12:34:55
8G94H2XQ+AJ,1,2022-12-10 04:57:21,
8G95Q246+AA,8,2022-10-12 23:57:19,2022-10-17 23:57:19
8G95Q246+AB,5,2022-12-21 22:54:25,2022-12-23 22:54:25
8G95Q246+AC,8,2022-10-10 06:31:31,2022-10-14 06:31:31
8G95Q246+AD,2,2022-12-12 09:05:44,2022-12-15 09:05:44
8G95Q246+AE,8,2022-12-17 00:53:06,2022-12-21 00:53:06
8G95Q246+AF,1,2022-10-16 13:20:52,2022-10-17 13:20:52
8G95Q246+AG,5,2022-12-15 00:34:44,
8G95Q246+AH,8,2022-10-03 19:53:40,2022-10-06 19:53:40
8G95Q246+AI,2,2022-12-15 07:43:53,2022-12-21 07:43:53
8G95Q246+AJ,3,2022-12-25 15:36:37,2022-12-28 15:36:37
8GC37QPP+AA,5,2022-11-22 16:01:04,
8GC37QPP+AB,5,2022-11-22 13:10:01,2022-11-25 13:10:01
8GC37QPP+AC,2,2022-10-17 18:20:34,2022-10-19 18:20:34
8GC37QPP+AD,2,2022-10-23 03:10:25,
8GC37QPP+AE,8,2022-10-03 04:32:54,2022-10-05 04:32:54
8GC37QPP+AF,1,2022-11-23 08:10:12,2022-11-26 08:10:12
8GC37QPP+AG,3,2022-12-21 12:16:34,2022-12-22 12:16:34
8GC37QPP+AH,5,2022-11-01 13:53:46,2022-11-08 13:53:46
8GC37QPP+AI,4,2022-11-10 13:49:20,
8GC37QPP+AJ,9,2022-11-09 08:24:56,2022-11-16 08:24:56
