customer_id,charger_location,start,end,reserved_on
0,8GC37QPP+AA,2022-10-12 19:31:18,2022-10-12 21:01:18,2022-10-09 18:57:18
1,8GC37QPP+AB,2022-11-25 17:13:33,2022-11-25 18:21:33,2022-11-22 16:53:33
2,8GC37QPP+AC,2022-12-07 16:08:41,2022-12-07 16:47:41,2022-12-04 15:33:41
3,8GC37QPP+AD,2022-10-31 18:11:06,2022-10-31 18:42:06,2022-10-30 17:38:06
4,8GC37QPP+AE,2022-11-23 23:41:19,2022-11-24 00:52:19,2022-11-21 23:06:19
5,8GC37QPP+AF,2022-10-22 01:00:44,2022-10-22 02:54:44,2022-10-21 00:47:44
6,8GC37QPP+AG,2022-10-12 11:35:59,2022-10-12 13:04:59,2022-10-10 11:25:59
7,8GC37QPP+AH,2022-10-07 13:39:16,2022-10-07 14:52:16,2022-10-07 13:11:16
8,8GC37QPP+AI,2022-11-11 17:31:09,2022-11-11 18:06:09,2022-11-10 16:53:09
9,8GC37QPP+AJ,2022-10-05 12:15:06,2022-10-05 13:35:06,2022-10-02 11:48:06
10,8GC36PWP+AA,2022-10-11 17:42:00,2022-10-11 18:51:00,2022-10-09 17:11:00
0,8GC36PWP+AB,2022-11-02 09:21:21,2022-11-02 09:59:21,2022-11-01 09:06:21
1,8GC36PWP+AC,2022-11-18 17:34:53,2022-11-18 18:05:53,2022-11-17 17:14:53
2,8GC36PWP+AD,2022-12-05 12:32:37,2022-12-05 13:47:37,2022-12-04 12:14:37
3,8GC36PWP+AE,2022-10-08 05:02:19,2022-10-08 05:34:19,2022-10-05 04:48:19
4,8GC36PWP+AF,2022-11-25 15:58:56,2022-11-25 17:26:56,2022-11-23 15:27:56
5,8GC36PWP+AG,2022-12-08 01:30:43,2022-12-08 02:29:43,2022-12-05 01:04:43
6,8GC36PWP+AH,2022-12-25 17:16:30,2022-12-25 19:10:30,2022-12-22 17:04:30
7,8GC36PWP+AI,2022-11-10 23:50:48,2022-11-11 00:30:48,2022-11-09 23:37:48
8,8GC36PWP+AJ,2022-10-08 03:12:10,2022-10-08 04:30:10,2022-10-08 02:45:10
9,8GC36P4G+AA,2022-12-11 11:03:41,2022-12-11 11:53:41,2022-12-11 10:34:41
10,8GC36P4G+AB,2022-11-22 03:27:13,2022-11-22 04:05:13,2022-11-21 03:08:13
0,8GC36P4G+AC,2022-12-17 21:48:50,2022-12-17 23:04:50,2022-12-16 21:25:50
1,8GC36P4G+AD,2022-12-17 18:19:58,2022-12-17 19:28:58,2022-12-14 17:57:58
2,8GC36P4G+AE,2022-11-08 21:57:58,2022-11-08 23:49:58,2022-11-07 21:45:58
3,8GC36P4G+AF,2022-10-04 05:40:42,2022-10-04 06:35:42,2022-10-01 05:10:42
4,8GC36P4G+AG,2022-11-15 12:25:02,2022-11-15 12:55:02,2022-11-14 12:09:02
5,8GC36P4G+AH,2022-12-03 07:36:25,2022-12-03 08:30:25,2022-11-30 07:07:25
6,8GC36P4G+AI,2022-11-06 05:55:32,2022-11-06 07:20:32,2022-11-05 05:34:32
7,8GC36P4G+AJ,2022-12-14 17:06:56,2022-12-14 18:40:56,2022-12-14 16:37:56
8,8GC32Q3R+AA,2022-12-21 18:10:58,2022-12-21 18:44:58,2022-12-19 17:55:58
9,8GC32Q3R+AB,2022-12-19 15:53:46,2022-12-19 17:39:46,2022-12-17 15:13:46
10,8GC32Q3R+AC,2022-10-25 18:06:25,2022-10-25 19:03:25,2022-10-23 17:35:25
0,8GC32Q3R+AD,2022-12-17 01:22:16,2022-12-17 02:29:16,2022-12-15 00:43:16
1,8GC32Q3R+AE,2022-12-23 23:26:34,2022-12-24 00:41:34,2022-12-23 23:12:34
2,8GC32Q3R+AF,2022-12-19 13:36:32,2022-12-19 15:23:32,2022-12-16 13:25:32
3,8GC32Q3R+AG,2022-11-20 21:37:26,2022-11-20 22:26:26,2022-11-17 21:24:26
4,8GC32Q3R+AH,2022-11-07 14:50:43,2022-11-07 16:22:43,2022-11-06 14:36:43
5,8GC32Q3R+AI,2022-10-21 11:34:07,2022-10-21 13:15:07,2022-10-19 11:21:07
6,8GC32Q3R+AJ,2022-11-16 17:21:12,2022-11-16 18:09:12,2022-11-14 17:10:12
7,8GC42GFM+AA,2022-12-05 01:31:07,2022-12-05 03:31:07,2022-12-04 01:17:07
8,8GC42GFM+AB,2022-11-21 19:19:14,2022-11-21 20:20:14,2022-11-20 18:50:14
9,8GC42GFM+AC,2022-11-09 18:31:57,2022-11-09 19:54:57,2022-11-09 17:53:57
10,8GC42GFM+AD,2022-11-21 05:12:22,2022-11-21 07:05:22,2022-11-19 04:35:22
0,8GC42GFM+AE,2022-11-20 23:34:02,2022-11-21 00:29:02,2022-11-18 23:02:02
1,8GC42GFM+AF,2022-10-03 04:55:03,2022-10-03 06:05:03,2022-10-03 04:28:03
2,8GC42GFM+AG,2022-12-20 11:56:44,2022-12-20 13:41:44,2022-12-20 11:20:44
3,8GC42GFM+AH,2022-12-22 12:24:20,2022-12-22 14:11:20,2022-12-19 11:45:20
4,8GC42GFM+AI,2022-10-19 14:34:17,2022-10-19 16:18:17,2022-10-17 14:16:17
5,8GC42GFM+AJ,2022-10-31 08:28:18,2022-10-31 09:00:18,2022-10-30 08:13:18
6,8G93QM2G+AA,2022-11-15 19:20:31,2022-11-15 20:59:31,2022-11-13 18:44:31
7,8G93QM2G+AB,2022-11-10 08:31:49,2022-11-10 09:39:49,2022-11-09 07:51:49
8,8G93QM2G+AC,2022-10-15 14:40:59,2022-10-15 15:14:59,2022-10-15 14:03:59
9,8G93QM2G+AD,2022-12-28 21:32:28,2022-12-28 22:32:28,2022-12-25 21:13:28
10,8G93QM2G+AE,2022-12-02 03:41:02,2022-12-02 05:39:02,2022-11-29 03:04:02
0,8G93QM2G+AF,2022-10-21 06:17:39,2022-10-21 07:33:39,2022-10-20 05:40:39
1,8G93QM2G+AG,2022-11-13 17:28:46,2022-11-13 19:09:46,2022-11-12 17:03:46
2,8G93QM2G+AH,2022-11-15 05:40:10,2022-11-15 07:36:10,2022-11-12 05:01:10
3,8G93QM2G+AI,2022-10-06 02:00:42,2022-10-06 03:13:42,2022-10-03 01:44:42
4,8G93QM2G+AJ,2022-10-18 09:49:16,2022-10-18 10:54:16,2022-10-15 09:25:16
5,8G94PC3H+AA,2022-12-08 19:22:00,2022-12-08 20:21:00,2022-12-07 19:06:00
6,8G94PC3H+AB,2022-11-01 02:16:34,2022-11-01 03:03:34,2022-10-29 01:42:34
7,8G94PC3H+AC,2022-12-06 20:12:10,2022-12-06 21:09:10,2022-12-03 19:34:10
8,8G94PC3H+AD,2022-12-09 19:48:05,2022-12-09 20:23:05,2022-12-09 19:25:05
9,8G94PC3H+AE,2022-11-07 22:28:27,2022-11-08 00:09:27,2022-11-04 22:14:27
10,8G94PC3H+AF,2022-12-08 05:12:45,2022-12-08 07:07:45,2022-12-05 05:02:45
0,8G94PC3H+AG,2022-10-11 16:16:17,2022-10-11 16:56:17,2022-10-08 15:42:17
1,8G94PC3H+AH,2022-10-20 16:36:52,2022-10-20 18:29:52,2022-10-17 16:13:52
2,8G94PC3H+AI,2022-12-19 12:53:42,2022-12-19 13:50:42,2022-12-18 12:16:42
3,8G94PC3H+AJ,2022-12-19 00:25:22,2022-12-19 02:11:22,2022-12-18 23:56:22
4,8G94H2XQ+AA,2022-10-09 03:20:34,2022-10-09 04:02:34,2022-10-09 03:08:34
5,8G94H2XQ+AB,2022-11-19 15:27:00,2022-11-19 17:10:00,2022-11-17 14:48:00
6,8G94H2XQ+AC,2022-11-15 23:40:14,2022-11-16 01:31:14,2022-11-14 23:25:14
7,8G94H2XQ+AD,2022-12-28 11:19:48,2022-12-28 12:18:48,2022-12-25 10:42:48
8,8G94H2XQ+AE,2022-11-28 18:47:06,2022-11-28 20:25:06,2022-11-26 18:30:06
9,8G94H2XQ+AF,2022-12-19 00:13:21,2022-12-19 01:22:21,2022-12-16 23:34:21
10,8G94H2XQ+AG,2022-10-09 04:57:56,2022-10-09 05:59:56,2022-10-08 04:39:56
0,8G94H2XQ+AH,2022-11-30 02:02:19,2022-11-30 03:31:19,2022-11-30 01:40:19
1,8G94H2XQ+AI,2022-10-31 11:05:47,2022-10-31 12:53:47,2022-10-30 10:51:47
2,8G94H2XQ+AJ,2022-10-30 20:15:16,2022-10-30 21:19:16,2022-10-28 20:01:16
3,8G95Q246+AA,2022-10-13 20:30:16,2022-10-13 21:14:16,2022-10-10 20:07:16
4,8G95Q246+AB,2022-12-11 15:10:57,2022-12-11 16:18:57,2022-12-10 14:54:57
5,8G95Q246+AC,2022-12-26 01:26:59,2022-12-26 03:05:59,2022-12-26 01:03:59
6,8G95Q246+AD,2022-10-17 10:31:12,2022-10-17 12:17:12,2022-10-16 10:02:12
7,8G95Q246+AE,2022-12-17 21:38:08,2022-12-17 22:47:08,2022-12-16 21:10:08
8,8G95Q246+AF,2022-11-24 03:20:09,2022-11-24 04:15:09,2022-11-22 02:56:09
9,8G95Q246+AG,2022-12-07 00:19:39,2022-12-07 02:12:39,2022-12-03 23:59:39
10,8G95Q246+AH,2022-12-03 17:01:03,2022-12-03 17:38:03,2022-12-01 16:47:03
0,8G95Q246+AI,2022-11-27 09:58:11,2022-11-27 10:57:11,2022-11-24 09:29:11
1,8G95Q246+AJ,2022-12-20 09:11:30,2022-12-20 10:02:30,2022-12-18 08:35:30
2,8GC37QPP+AA,2022-10-11 11:19:13,2022-10-11 11:57:13,2022-10-10 10:48:13
3,8GC37QPP+AB,2022-11-28 20:29:13,2022-11-28 22:18:13,2022-11-26 20:01:13
4,8GC37QPP+AC,2022-11-29 16:35:52,2022-11-29 18:04:52,2022-11-28 16:24:52
5,8GC37QPP+AD,2022-11-22 02:34:07,2022-11-22 03:05:07,2022-11-21 02:24:07
6,8GC37QPP+AE,2022-12-28 23:03:35,2022-12-29 00:06:35,2022-12-26 22:27:35
7,8GC37QPP+AF,2022-12-01 19:22:42,2022-12-01 21:03:42,2022-11-28 18:47:42
8,8GC37QPP+AG,2022-10-09 02:25:46,2022-10-09 03:11:46,2022-10-07 02:12:46
9,8GC37QPP+AH,2022-11-07 02:38:52,2022-11-07 04:08:52,2022-11-07 02:25:52
10,8GC37QPP+AI,2022-12-01 06:22:13,2022-12-01 06:57:13,2022-11-28 06:12:13
0,8GC37QPP+AJ,2022-12-21 18:03:48,2022-12-21 19:44:48,2022-12-21 17:45:48
1,8GC36PWP+AA,2022-12-11 21:37:15,2022-12-11 22:26:15,2022-12-09 21:23:15
2,8GC36PWP+AB,2022-11-20 21:43:53,2022-11-20 23:43:53,2022-11-20 21:33:53
3,8GC36PWP+AC,2022-12-02 09:39:01,2022-12-02 11:09:01,2022-11-29 09:07:01
4,8GC36PWP+AD,2022-11-24 07:30:59,2022-11-24 08:51:59,2022-11-23 06:57:59
5,8GC36PWP+AE,2022-12-27 16:13:23,2022-12-27 17:38:23,2022-12-24 15:34:23
6,8GC36PWP+AF,2022-12-09 13:30:29,2022-12-09 14:50:29,2022-12-09 13:14:29
7,8GC36PWP+AG,2022-12-18 03:41:13,2022-12-18 04:40:13,2022-12-15 03:08:13
8,8GC36PWP+AH,2022-10-26 14:36:35,2022-10-26 15:15:35,2022-10-26 14:01:35
9,8GC36PWP+AI,2022-11-12 01:18:20,2022-11-12 03:04:20,2022-11-12 00:52:20
10,8GC36PWP+AJ,2022-10-25 07:59:22,2022-10-25 09:30:22,2022-10-25 07:19:22
0,8GC36P4G+AA,2022-10-31 10:33:19,2022-10-31 11:40:19,2022-10-30 10:18:19
1,8GC36P4G+AB,2022-10-04 11:25:47,2022-10-04 12:14:47,2022-10-01 10:51:47
2,8GC36P4G+AC,2022-12-17 14:23:14,2022-12-17 15:28:14,2022-12-16 14:08:14
3,8GC36P4G+AD,2022-10-27 04:27:14,2022-10-27 06:23:14,2022-10-25 04:06:14
4,8GC36P4G+AE,2022-11-24 10:04:01,2022-11-24 11:29:01,2022-11-24 09:52:01
5,8GC36P4G+AF,2022-10-17 07:02:25,2022-10-17 07:54:25,2022-10-14 06:47:25
6,8GC36P4G+AG,2022-11-18 16:33:12,2022-11-18 17:52:12,2022-11-16 15:55:12
7,8GC36P4G+AH,2022-10-05 12:28:08,2022-10-05 14:19:08,2022-10-04 11:55:08
8,8GC36P4G+AI,2022-12-05 22:02:07,2022-12-05 23:41:07,2022-12-05 21:45:07
9,8GC36P4G+AJ,2022-10-04 17:05:01,2022-10-04 18:23:01,2022-10-03 16:28:01
10,8GC32Q3R+AA,2022-12-04 02:29:39,2022-12-04 03:40:39,2022-12-02 02:06:39
0,8GC32Q3R+AB,2022-12-26 00:03:36,2022-12-26 00:54:36,2022-12-24 23:41:36
1,8GC32Q3R+AC,2022-11-13 19:49:23,2022-11-13 21:30:23,2022-11-13 19:24:23
2,8GC32Q3R+AD,2022-12-15 03:35:23,2022-12-15 05:20:23,2022-12-14 03:21:23
3,8GC32Q3R+AE,2022-10-05 13:34:44,2022-10-05 15:23:44,2022-10-05 12:54:44
4,8GC32Q3R+AF,2022-11-07 22:52:56,2022-11-08 00:07:56,2022-11-07 22:12:56
5,8GC32Q3R+AG,2022-12-01 13:16:08,2022-12-01 14:51:08,2022-12-01 12:43:08
6,8GC32Q3R+AH,2022-11-02 02:31:09,2022-11-02 03:28:09,2022-10-30 01:57:09
7,8GC32Q3R+AI,2022-11-08 02:08:23,2022-11-08 03:35:23,2022-11-06 01:33:23
8,8GC32Q3R+AJ,2022-11-11 07:17:00,2022-11-11 08:02:00,2022-11-09 06:41:00
9,8GC42GFM+AA,2022-11-10 13:58:38,2022-11-10 15:53:38,2022-11-10 13:36:38
10,8GC42GFM+AB,2022-10-07 07:54:53,2022-10-07 09:26:53,2022-10-06 07:34:53
0,8GC42GFM+AC,2022-10-04 15:57:03,2022-10-04 16:56:03,2022-10-01 15:33:03
1,8GC42GFM+AD,2022-10-28 01:12:55,2022-10-28 02:42:55,2022-10-25 00:49:55
2,8GC42GFM+AE,2022-12-23 12:12:10,2022-12-23 13:41:10,2022-12-20 11:33:10
3,8GC42GFM+AF,2022-10-04 12:42:48,2022-10-04 13:12:48,2022-10-02 12:18:48
4,8GC42GFM+AG,2022-12-27 19:21:15,2022-12-27 20:38:15,2022-12-24 19:02:15
5,8GC42GFM+AH,2022-12-10 20:56:36,2022-12-10 22:21:36,2022-12-10 20:31:36
6,8GC42GFM+AI,2022-10-20 20:11:14,2022-10-20 21:56:14,2022-10-19 20:00:14
7,8GC42GFM+AJ,2022-10-24 11:24:26,2022-10-24 12:57:26,2022-10-23 10:51:26
8,8G93QM2G+AA,2022-11-30 10:48:23,2022-11-30 12:44:23,2022-11-28 10:36:23
9,8G93QM2G+AB,2022-12-04 10:50:44,2022-12-04 11:39:44,2022-12-01 10:34:44
10,8G93QM2G+AC,2022-12-17 16:50:46,2022-12-17 17:57:46,2022-12-14 16:36:46
0,8G93QM2G+AD,2022-10-19 06:02:09,2022-10-19 06:56:09,2022-10-16 05:22:09
1,8G93QM2G+AE,2022-12-15 01:59:08,2022-12-15 03:46:08,2022-12-15 01:24:08
2,8G93QM2G+AF,2022-10-03 02:50:22,2022-10-03 03:36:22,2022-10-01 02:26:22
3,8G93QM2G+AG,2022-10-31 12:02:27,2022-10-31 13:22:27,2022-10-30 11:26:27
4,8G93QM2G+AH,2022-12-26 05:31:51,2022-12-26 06:22:51,2022-12-26 04:58:51
5,8G93QM2G+AI,2022-11-17 18:53:25,2022-11-17 19:35:25,2022-11-17 18:17:25
6,8G93QM2G+AJ,2022-11-10 01:57:30,2022-11-10 03:11:30,2022-11-08 01:39:30
7,8G94PC3H+AA,2022-12-14 23:26:25,2022-12-15 00:32:25,2022-12-11 23:08:25
8,8G94PC3H+AB,2022-12-10 10:24:50,2022-12-10 11:47:50,2022-12-09 10:12:50
9,8G94PC3H+AC,2022-12-14 03:28:40,2022-12-14 04:48:40,2022-12-13 02:51:40
10,8G94PC3H+AD,2022-10-10 22:01:00,2022-10-10 23:22:00,2022-10-09 21:21:00
0,8G94PC3H+AE,2022-11-08 15:28:25,2022-11-08 16:30:25,2022-11-07 14:51:25
1,8G94PC3H+AF,2022-12-08 13:52:34,2022-12-08 14:47:34,2022-12-06 13:22:34
2,8G94PC3H+AG,2022-10-09 22:56:46,2022-10-10 00:43:46,2022-10-09 22:32:46
3,8G94PC3H+AH,2022-11-08 19:31:05,2022-11-08 20:49:05,2022-11-06 19:12:05
4,8G94PC3H+AI,2022-11-05 23:34:40,2022-11-06 01:09:40,2022-11-04 23:02:40
5,8G94PC3H+AJ,2022-10-19 10:42:33,2022-10-19 11:23:33,2022-10-17 10:30:33
6,8G94H2XQ+AA,2022-12-23 02:03:55,2022-12-23 02:50:55,2022-12-23 01:51:55
7,8G94H2XQ+AB,2022-11-28 06:25:37,2022-11-28 08:24:37,2022-11-27 06:05:37
8,8G94H2XQ+AC,2022-10-09 09:53:59,2022-10-09 11:03:59,2022-10-09 09:24:59
9,8G94H2XQ+AD,2022-10-13 08:15:35,2022-10-13 09:27:35,2022-10-13 08:02:35
10,8G94H2XQ+AE,2022-10-21 10:45:37,2022-10-21 12:21:37,2022-10-19 10:12:37
0,8G94H2XQ+AF,2022-10-23 02:29:20,2022-10-23 04:06:20,2022-10-22 02:03:20
1,8G94H2XQ+AG,2022-10-06 18:36:35,2022-10-06 19:28:35,2022-10-06 18:01:35
2,8G94H2XQ+AH,2022-10-15 22:20:10,2022-10-15 23:45:10,2022-10-13 22:00:10
3,8G94H2XQ+AI,2022-11-08 03:46:57,2022-11-08 05:20:57,2022-11-05 03:17:57
4,8G94H2XQ+AJ,2022-12-23 06:44:00,2022-12-23 07:22:00,2022-12-23 06:27:00
5,8G95Q246+AA,2022-11-13 05:03:53,2022-11-13 06:17:53,2022-11-12 04:45:53
6,8G95Q246+AB,2022-12-22 08:01:21,2022-12-22 09:31:21,2022-12-19 07:40:21
7,8G95Q246+AC,2022-11-09 14:31:22,2022-11-09 15:41:22,2022-11-06 14:00:22
8,8G95Q246+AD,2022-11-30 18:08:30,2022-11-30 18:48:30,2022-11-29 17:30:30
9,8G95Q246+AE,2022-12-06 02:19:36,2022-12-06 03:21:36,2022-12-03 01:57:36
10,8G95Q246+AF,2022-10-29 23:46:31,2022-10-30 00:47:31,2022-10-26 23:07:31
0,8G95Q246+AG,2022-10-25 21:22:15,2022-10-25 23:10:15,2022-10-22 20:49:15
1,8G95Q246+AH,2022-10-28 10:13:19,2022-10-28 10:56:19,2022-10-28 09:58:19
2,8G95Q246+AI,2022-11-09 20:42:55,2022-11-09 21:12:55,2022-11-07 20:30:55
3,8G95Q246+AJ,2022-10-01 09:30:03,2022-10-01 10:06:03,2022-10-01 09:10:03
4,8GC37QPP+AA,2022-12-20 00:29:00,2022-12-20 01:36:00,2022-12-17 00:00:00
5,8GC37QPP+AB,2022-12-05 18:18:39,2022-12-05 19:08:39,2022-12-02 17:45:39
6,8GC37QPP+AC,2022-11-14 18:58:47,2022-11-14 20:53:47,2022-11-12 18:36:47
7,8GC37QPP+AD,2022-12-21 10:37:57,2022-12-21 12:11:57,2022-12-19 10:03:57
8,8GC37QPP+AE,2022-10-15 17:54:31,2022-10-15 19:27:31,2022-10-12 17:21:31
9,8GC37QPP+AF,2022-12-15 13:22:24,2022-12-15 14:00:24,2022-12-15 12:50:24
10,8GC37QPP+AG,2022-10-31 19:39:51,2022-10-31 21:16:51,2022-10-29 19:03:51
0,8GC37QPP+AH,2022-11-13 21:58:20,2022-11-13 22:37:20,2022-11-13 21:30:20
1,8GC37QPP+AI,2022-10-15 02:16:42,2022-10-15 03:21:42,2022-10-12 01:52:42
2,8GC37QPP+AJ,2022-10-30 07:38:11,2022-10-30 09:27:11,2022-10-29 07:13:11
3,8GC36PWP+AA,2022-11-29 23:21:39,2022-11-30 00:29:39,2022-11-28 22:42:39
4,8GC36PWP+AB,2022-12-16 09:23:56,2022-12-16 10:30:56,2022-12-16 09:07:56
5,8GC36PWP+AC,2022-11-21 11:10:36,2022-11-21 12:46:36,2022-11-20 10:30:36
6,8GC36PWP+AD,2022-10-20 10:25:39,2022-10-20 11:55:39,2022-10-18 09:52:39
7,8GC36PWP+AE,2022-11-02 02:43:39,2022-11-02 03:24:39,2022-11-01 02:07:39
8,8GC36PWP+AF,2022-12-03 13:23:25,2022-12-03 14:28:25,2022-11-30 13:01:25
9,8GC36PWP+AG,2022-10-02 09:01:35,2022-10-02 10:32:35,2022-09-29 08:22:35
10,8GC36PWP+AH,2022-10-29 04:20:39,2022-10-29 05:46:39,2022-10-28 03:48:39
0,8GC36PWP+AI,2022-11-19 22:28:24,2022-11-19 23:35:24,2022-11-16 22:11:24
1,8GC36PWP+AJ,2022-11-24 07:40:47,2022-11-24 08:23:47,2022-11-23 07:28:47
2,8GC36P4G+AA,2022-11-18 17:56:35,2022-11-18 19:27:35,2022-11-17 17:30:35
3,8GC36P4G+AB,2022-11-24 04:31:45,2022-11-24 06:05:45,2022-11-23 04:12:45
4,8GC36P4G+AC,2022-11-20 15:17:31,2022-11-20 16:33:31,2022-11-18 14:48:31
5,8GC36P4G+AD,2022-12-22 23:12:08,2022-12-23 00:39:08,2022-12-19 22:52:08
6,8GC36P4G+AE,2022-10-09 20:41:28,2022-10-09 22:21:28,2022-10-06 20:12:28
7,8GC36P4G+AF,2022-10-19 09:16:57,2022-10-19 10:50:57,2022-10-17 08:48:57
8,8GC36P4G+AG,2022-10-31 17:01:02,2022-10-31 17:31:02,2022-10-28 16:23:02
9,8GC36P4G+AH,2022-11-17 17:34:37,2022-11-17 19:10:37,2022-11-14 16:59:37
10,8GC36P4G+AI,2022-12-16 21:35:26,2022-12-16 22:39:26,2022-12-14 21:10:26
0,8GC36P4G+AJ,2022-11-29 14:13:35,2022-11-29 14:53:35,2022-11-27 13:56:35
1,8GC32Q3R+AA,2022-11-21 02:28:54,2022-11-21 03:00:54,2022-11-19 01:48:54
2,8GC32Q3R+AB,2022-10-01 17:04:01,2022-10-01 17:51:01,2022-09-29 16:38:01
3,8GC32Q3R+AC,2022-11-16 03:56:54,2022-11-16 05:54:54,2022-11-14 03:39:54
4,8GC32Q3R+AD,2022-10-19 23:18:52,2022-10-20 00:19:52,2022-10-18 22:58:52
5,8GC32Q3R+AE,2022-10-06 13:52:18,2022-10-06 15:01:18,2022-10-06 13:30:18
6,8GC32Q3R+AF,2022-10-26 20:55:08,2022-10-26 22:46:08,2022-10-26 20:27:08
7,8GC32Q3R+AG,2022-10-07 05:45:12,2022-10-07 06:30:12,2022-10-06 05:26:12
8,8GC32Q3R+AH,2022-10-21 03:23:55,2022-10-21 04:17:55,2022-10-21 03:03:55
9,8GC32Q3R+AI,2022-11-08 10:25:57,2022-11-08 11:50:57,2022-11-07 10:15:57
10,8GC32Q3R+AJ,2022-11-06 07:21:55,2022-11-06 09:20:55,2022-11-03 07:07:55
0,8GC42GFM+AA,2022-11-12 07:19:45,2022-11-12 09:03:45,2022-11-10 06:59:45
1,8GC42GFM+AB,2022-12-13 06:52:33,2022-12-13 07:52:33,2022-12-12 06:36:33
2,8GC42GFM+AC,2022-12-11 08:21:04,2022-12-11 10:13:04,2022-12-11 07:49:04
3,8GC42GFM+AD,2022-11-02 16:46:15,2022-11-02 18:34:15,2022-10-31 16:22:15
4,8GC42GFM+AE,2022-12-14 16:56:06,2022-12-14 18:17:06,2022-12-13 16:25:06
5,8GC42GFM+AF,2022-12-14 06:51:00,2022-12-14 08:27:00,2022-12-11 06:26:00
6,8GC42GFM+AG,2022-12-09 23:02:43,2022-12-10 00:17:43,2022-12-09 22:39:43
7,8GC42GFM+AH,2022-12-19 06:47:15,2022-12-19 08:04:15,2022-12-19 06:08:15
8,8GC42GFM+AI,2022-11-02 04:15:06,2022-11-02 06:06:06,2022-10-30 03:59:06
9,8GC42GFM+AJ,2022-11-12 19:44:07,2022-11-12 20:47:07,2022-11-10 19:09:07
10,8G93QM2G+AA,2022-11-13 19:28:44,2022-11-13 21:26:44,2022-11-11 19:07:44
0,8G93QM2G+AB,2022-10-12 01:17:32,2022-10-12 02:10:32,2022-10-12 00:42:32
1,8G93QM2G+AC,2022-11-24 06:07:34,2022-11-24 06:51:34,2022-11-21 05:30:34
2,8G93QM2G+AD,2022-12-09 21:53:08,2022-12-09 22:59:08,2022-12-07 21:31:08
3,8G93QM2G+AE,2022-11-18 15:30:36,2022-11-18 16:00:36,2022-11-17 15:20:36
4,8G93QM2G+AF,2022-11-22 21:34:45,2022-11-22 22:50:45,2022-11-20 21:03:45
5,8G93QM2G+AG,2022-11-22 15:08:20,2022-11-22 16:36:20,2022-11-21 14:30:20
6,8G93QM2G+AH,2022-11-06 21:36:05,2022-11-06 22:21:05,2022-11-04 21:23:05
7,8G93QM2G+AI,2022-12-03 04:45:18,2022-12-03 05:44:18,2022-12-02 04:08:18
8,8G93QM2G+AJ,2022-11-08 22:06:33,2022-11-08 23:19:33,2022-11-06 21:35:33
9,8G94PC3H+AA,2022-10-10 00:21:13,2022-10-10 00:52:13,2022-10-08 23:54:13
10,8G94PC3H+AB,2022-12-06 06:31:37,2022-12-06 07:14:37,2022-12-06 06:00:37
0,8G94PC3H+AC,2022-11-24 04:15:39,2022-11-24 06:13:39,2022-11-22 03:50:39
1,8G94PC3H+AD,2022-12-05 02:36:24,2022-12-05 03:32:24,2022-12-05 02:05:24
2,8G94PC3H+AE,2022-10-22 21:52:35,2022-10-22 23:43:35,2022-10-21 21:34:35
3,8G94PC3H+AF,2022-10-03 21:51:44,2022-10-03 22:48:44,2022-09-30 21:16:44
4,8G94PC3H+AG,2022-12-22 09:19:19,2022-12-22 09:59:19,2022-12-19 09:04:19
5,8G94PC3H+AH,2022-11-13 00:24:49,2022-11-13 01:39:49,2022-11-12 23:46:49
6,8G94PC3H+AI,2022-10-27 02:14:40,2022-10-27 02:45:40,2022-10-26 01:38:40
7,8G94PC3H+AJ,2022-11-08 18:19:11,2022-11-08 19:51:11,2022-11-08 18:00:11
8,8G94H2XQ+AA,2022-12-10 02:47:06,2022-12-10 03:19:06,2022-12-08 02:09:06
9,8G94H2XQ+AB,2022-10-08 15:11:33,2022-10-08 17:00:33,2022-10-06 14:38:33
10,8G94H2XQ+AC,2022-12-22 01:33:26,2022-12-22 02:23:26,2022-12-19 01:05:26
0,8G94H2XQ+AD,2022-10-16 06:23:48,2022-10-16 07:14:48,2022-10-13 06:09:48
1,8G94H2XQ+AE,2022-11-01 10:30:54,2022-11-01 11:39:54,2022-11-01 10:11:54
2,8G94H2XQ+AF,2022-12-11 23:07:35,2022-12-12 00:04:35,2022-12-08 22:35:35
3,8G94H2XQ+AG,2022-12-13 01:26:35,2022-12-13 02:03:35,2022-12-11 01:02:35
4,8G94H2XQ+AH,2022-11-12 23:26:22,2022-11-13 01:24:22,2022-11-11 22:49:22
5,8G94H2XQ+AI,2022-11-15 19:23:25,2022-11-15 20:26:25,2022-11-12 18:46:25
6,8G94H2XQ+AJ,2022-12-25 06:23:55,2022-12-25 07:54:55,2022-12-22 06:02:55
7,8G95Q246+AA,2022-12-14 14:51:51,2022-12-14 16:33:51,2022-12-11 14:16:51
8,8G95Q246+AB,2022-12-01 09:50:39,2022-12-01 11:29:39,2022-11-28 09:15:39
9,8G95Q246+AC,2022-12-10 12:06:45,2022-12-10 13:17:45,2022-12-10 11:43:45
10,8G95Q246+AD,2022-10-20 08:35:27,2022-10-20 10:25:27,2022-10-19 08:07:27
0,8G95Q246+AE,2022-11-23 13:47:59,2022-11-23 14:18:59,2022-11-20 13:21:59
1,8G95Q246+AF,2022-11-23 22:56:46,2022-11-24 00:46:46,2022-11-23 22:26:46
2,8G95Q246+AG,2022-10-21 14:18:52,2022-10-21 15:42:52,2022-10-18 13:43:52
3,8G95Q246+AH,2022-12-27 11:00:37,2022-12-27 12:30:37,2022-12-26 10:35:37
4,8G95Q246+AI,2022-11-16 01:07:31,2022-11-16 02:14:31,2022-11-14 00:36:31
5,8G95Q246+AJ,2022-11-18 03:47:23,2022-11-18 04:42:23,2022-11-18 03:31:23
6,8GC37QPP+AA,2022-12-08 07:43:06,2022-12-08 08:36:06,2022-12-07 07:25:06
7,8GC37QPP+AB,2022-11-20 20:42:49,2022-11-20 21:54:49,2022-11-19 20:10:49
8,8GC37QPP+AC,2022-12-02 06:08:20,2022-12-02 06:42:20,2022-12-01 05:28:20
9,8GC37QPP+AD,2022-10-21 02:14:17,2022-10-21 03:42:17,2022-10-21 01:41:17
10,8GC37QPP+AE,2022-11-07 19:49:39,2022-11-07 21:00:39,2022-11-06 19:30:39
0,8GC37QPP+AF,2022-12-02 23:00:48,2022-12-02 23:55:48,2022-12-02 22:24:48
1,8GC37QPP+AG,2022-11-01 06:52:27,2022-11-01 08:38:27,2022-10-30 06:13:27
2,8GC37QPP+AH,2022-12-28 21:32:00,2022-12-28 22:02:00,2022-12-26 21:11:00
3,8GC37QPP+AI,2022-10-22 12:12:45,2022-10-22 12:54:45,2022-10-19 12:00:45
4,8GC37QPP+AJ,2022-10-13 23:57:20,2022-10-14 00:54:20,2022-10-11 23:28:20
5,8GC36PWP+AA,2022-10-17 03:57:30,2022-10-17 05:05:30,2022-10-16 03:20:30
6,8GC36PWP+AB,2022-11-14 17:22:32,2022-11-14 18:15:32,2022-11-13 16:54:32
7,8GC36PWP+AC,2022-10-06 04:15:28,2022-10-06 05:39:28,2022-10-05 03:53:28
8,8GC36PWP+AD,2022-10-07 14:57:27,2022-10-07 16:16:27,2022-10-05 14:36:27
9,8GC36PWP+AE,2022-11-16 23:03:22,2022-11-17 00:52:22,2022-11-16 22:44:22
10,8GC36PWP+AF,2022-11-11 07:10:06,2022-11-11 08:21:06,2022-11-09 06:30:06
0,8GC36PWP+AG,2022-10-30 14:55:31,2022-10-30 16:11:31,2022-10-27 14:37:31
1,8GC36PWP+AH,2022-11-25 10:02:30,2022-11-25 11:18:30,2022-11-22 09:24:30
2,8GC36PWP+AI,2022-11-18 07:05:22,2022-11-18 07:45:22,2022-11-16 06:27:22
3,8GC36PWP+AJ,2022-12-05 18:11:53,2022-12-05 19:50:53,2022-12-03 17:54:53
4,8GC36P4G+AA,2022-10-17 04:08:40,2022-10-17 05:18:40,2022-10-16 03:41:40
5,8GC36P4G+AB,2022-11-24 00:22:16,2022-11-24 01:28:16,2022-11-20 23:53:16
6,8GC36P4G+AC,2022-10-03 13:13:16,2022-10-03 14:01:16,2022-10-03 12:54:16
7,8GC36P4G+AD,2022-10-24 22:52:17,2022-10-24 23:36:17,2022-10-21 22:18:17
8,8GC36P4G+AE,2022-12-21 11:19:10,2022-12-21 13:14:10,2022-12-20 11:08:10
9,8GC36P4G+AF,2022-10-25 07:38:47,2022-10-25 08:16:47,2022-10-24 07:16:47
10,8GC36P4G+AG,2022-10-30 01:04:25,2022-10-30 01:49:25,2022-10-27 00:51:25
0,8GC36P4G+AH,2022-10-01 05:21:08,2022-10-01 07:09:08,2022-10-01 05:10:08
1,8GC36P4G+AI,2022-11-28 11:25:08,2022-11-28 12:43:08,2022-11-27 10:54:08
2,8GC36P4G+AJ,2022-12-13 08:44:31,2022-12-13 09:34:31,2022-12-13 08:07:31
3,8GC32Q3R+AA,2022-10-05 16:00:35,2022-10-05 16:38:35,2022-10-02 15:37:35
4,8GC32Q3R+AB,2022-10-12 00:49:06,2022-10-12 01:48:06,2022-10-11 00:39:06
5,8GC32Q3R+AC,2022-12-28 06:35:24,2022-12-28 07:34:24,2022-12-28 06:14:24
6,8GC32Q3R+AD,2022-10-02 02:15:53,2022-10-02 03:23:53,2022-10-02 01:43:53
7,8GC32Q3R+AE,2022-12-27 06:19:04,2022-12-27 07:31:04,2022-12-25 05:46:04
8,8GC32Q3R+AF,2022-10-17 18:54:19,2022-10-17 19:34:19,2022-10-15 18:24:19
9,8GC32Q3R+AG,2022-12-28 11:09:41,2022-12-28 12:33:41,2022-12-25 10:40:41
10,8GC32Q3R+AH,2022-12-18 10:59:20,2022-12-18 12:18:20,2022-12-17 10:27:20
0,8GC32Q3R+AI,2022-10-15 06:21:14,2022-10-15 08:21:14,2022-10-15 05:41:14
1,8GC32Q3R+AJ,2022-12-17 08:55:39,2022-12-17 10:20:39,2022-12-15 08:32:39
2,8GC42GFM+AA,2022-10-10 09:13:03,2022-10-10 10:41:03,2022-10-09 08:54:03
3,8GC42GFM+AB,2022-12-26 15:35:58,2022-12-26 17:33:58,2022-12-24 15:10:58
4,8GC42GFM+AC,2022-12-13 15:04:08,2022-12-13 15:48:08,2022-12-12 14:29:08
5,8GC42GFM+AD,2022-12-28 19:14:22,2022-12-28 20:02:22,2022-12-28 18:36:22
6,8GC42GFM+AE,2022-11-27 11:48:36,2022-11-27 12:36:36,2022-11-24 11:11:36
7,8GC42GFM+AF,2022-10-26 15:55:56,2022-10-26 16:50:56,2022-10-24 15:39:56
8,8GC42GFM+AG,2022-11-16 09:56:35,2022-11-16 11:48:35,2022-11-14 09:44:35
9,8GC42GFM+AH,2022-12-20 07:36:37,2022-12-20 08:51:37,2022-12-17 06:57:37
10,8GC42GFM+AI,2022-11-22 16:49:02,2022-11-22 18:16:02,2022-11-22 16:27:02
0,8GC42GFM+AJ,2022-11-30 03:20:23,2022-11-30 03:58:23,2022-11-27 02:59:23
1,8G93QM2G+AA,2022-11-04 11:14:28,2022-11-04 13:13:28,2022-11-03 10:58:28
2,8G93QM2G+AB,2022-10-05 12:53:10,2022-10-05 13:52:10,2022-10-05 12:19:10
3,8G93QM2G+AC,2022-12-07 15:57:53,2022-12-07 16:30:53,2022-12-04 15:37:53
4,8G93QM2G+AD,2022-10-09 10:24:41,2022-10-09 10:54:41,2022-10-08 10:04:41
5,8G93QM2G+AE,2022-12-22 01:42:59,2022-12-22 03:22:59,2022-12-22 01:02:59
6,8G93QM2G+AF,2022-11-07 19:46:45,2022-11-07 21:19:45,2022-11-05 19:11:45
7,8G93QM2G+AG,2022-12-21 09:59:33,2022-12-21 11:26:33,2022-12-20 09:43:33
8,8G93QM2G+AH,2022-10-01 13:17:30,2022-10-01 15:06:30,2022-09-28 12:46:30
9,8G93QM2G+AI,2022-10-05 04:18:34,2022-10-05 05:07:34,2022-10-05 03:52:34
10,8G93QM2G+AJ,2022-11-30 22:35:00,2022-12-01 00:26:00,2022-11-28 22:11:00
0,8G94PC3H+AA,2022-10-03 03:13:01,2022-10-03 04:59:01,2022-09-30 02:38:01
1,8G94PC3H+AB,2022-10-01 15:57:02,2022-10-01 16:42:02,2022-09-28 15:31:02
2,8G94PC3H+AC,2022-10-31 18:24:32,2022-10-31 19:00:32,2022-10-28 18:11:32
3,8G94PC3H+AD,2022-10-19 17:32:31,2022-10-19 19:27:31,2022-10-18 17:08:31
4,8G94PC3H+AE,2022-10-25 16:36:09,2022-10-25 17:39:09,2022-10-22 16:00:09
5,8G94PC3H+AF,2022-12-18 05:43:30,2022-12-18 06:55:30,2022-12-17 05:07:30
6,8G94PC3H+AG,2022-12-15 13:39:40,2022-12-15 14:51:40,2022-12-12 13:03:40
7,8G94PC3H+AH,2022-12-09 12:50:01,2022-12-09 13:56:01,2022-12-07 12:33:01
8,8G94PC3H+AI,2022-11-27 15:13:36,2022-11-27 16:02:36,2022-11-26 14:50:36
9,8G94PC3H+AJ,2022-10-31 04:34:05,2022-10-31 06:19:05,2022-10-28 04:20:05
10,8G94H2XQ+AA,2022-11-07 13:58:51,2022-11-07 14:34:51,2022-11-04 13:23:51
0,8G94H2XQ+AB,2022-11-05 19:39:26,2022-11-05 20:36:26,2022-11-05 18:59:26
1,8G94H2XQ+AC,2022-12-14 08:01:06,2022-12-14 09:10:06,2022-12-11 07:26:06
2,8G94H2XQ+AD,2022-12-10 04:35:06,2022-12-10 06:32:06,2022-12-09 04:05:06
3,8G94H2XQ+AE,2022-11-11 22:42:14,2022-11-12 00:09:14,2022-11-11 22:10:14
4,8G94H2XQ+AF,2022-11-08 03:37:16,2022-11-08 04:49:16,2022-11-07 03:27:16
5,8G94H2XQ+AG,2022-10-28 13:52:27,2022-10-28 15:06:27,2022-10-26 13:34:27
6,8G94H2XQ+AH,2022-11-23 23:02:44,2022-11-24 00:34:44,2022-11-21 22:22:44
7,8G94H2XQ+AI,2022-11-10 18:40:29,2022-11-10 19:44:29,2022-11-08 18:00:29
8,8G94H2XQ+AJ,2022-10-26 04:20:01,2022-10-26 05:44:01,2022-10-25 03:44:01
9,8G95Q246+AA,2022-12-28 20:01:46,2022-12-28 20:35:46,2022-12-25 19:21:46
10,8G95Q246+AB,2022-10-03 19:57:28,2022-10-03 20:46:28,2022-10-02 19:47:28
0,8G95Q246+AC,2022-12-12 07:31:30,2022-12-12 08:55:30,2022-12-12 07:21:30
1,8G95Q246+AD,2022-10-05 12:22:18,2022-10-05 14:16:18,2022-10-03 12:05:18
2,8G95Q246+AE,2022-11-15 17:50:18,2022-11-15 19:16:18,2022-11-13 17:19:18
3,8G95Q246+AF,2022-10-30 17:23:03,2022-10-30 18:53:03,2022-10-27 17:01:03
4,8G95Q246+AG,2022-11-16 08:18:00,2022-11-16 09:58:00,2022-11-13 07:56:00
5,8G95Q246+AH,2022-10-17 22:04:28,2022-10-17 23:58:28,2022-10-14 21:35:28
6,8G95Q246+AI,2022-11-25 00:15:06,2022-11-25 02:11:06,2022-11-22 23:52:06
7,8G95Q246+AJ,2022-11-01 14:41:53,2022-11-01 15:24:53,2022-10-31 14:21:53
8,8GC37QPP+AA,2022-10-08 15:06:19,2022-10-08 16:39:19,2022-10-08 14:33:19
9,8GC37QPP+AB,2022-10-20 19:24:10,2022-10-20 20:26:10,2022-10-17 18:58:10
10,8GC37QPP+AC,2022-10-01 20:32:41,2022-10-01 21:54:41,2022-10-01 20:04:41
0,8GC37QPP+AD,2022-10-08 18:32:24,2022-10-08 19:32:24,2022-10-07 17:53:24
1,8GC37QPP+AE,2022-10-31 19:26:28,2022-10-31 20:48:28,2022-10-28 19:13:28
2,8GC37QPP+AF,2022-10-30 22:22:25,2022-10-30 23:42:25,2022-10-29 22:04:25
3,8GC37QPP+AG,2022-10-27 00:29:05,2022-10-27 02:17:05,2022-10-24 00:06:05
4,8GC37QPP+AH,2022-12-22 09:25:17,2022-12-22 10:11:17,2022-12-21 09:11:17
5,8GC37QPP+AI,2022-10-25 00:33:56,2022-10-25 01:52:56,2022-10-24 00:10:56
6,8GC37QPP+AJ,2022-11-10 07:16:45,2022-11-10 08:04:45,2022-11-10 06:50:45
7,8GC36PWP+AA,2022-11-08 05:32:00,2022-11-08 07:10:00,2022-11-08 05:04:00
8,8GC36PWP+AB,2022-12-02 17:07:06,2022-12-02 18:15:06,2022-12-02 16:45:06
9,8GC36PWP+AC,2022-11-29 00:13:44,2022-11-29 01:22:44,2022-11-25 23:44:44
10,8GC36PWP+AD,2022-12-08 19:06:24,2022-12-08 20:58:24,2022-12-05 18:38:24
0,8GC36PWP+AE,2022-12-05 09:59:46,2022-12-05 10:56:46,2022-12-04 09:24:46
1,8GC36PWP+AF,2022-10-30 03:39:11,2022-10-30 04:15:11,2022-10-30 03:10:11
2,8GC36PWP+AG,2022-10-14 13:55:38,2022-10-14 14:37:38,2022-10-11 13:34:38
3,8GC36PWP+AH,2022-10-31 03:25:15,2022-10-31 04:42:15,2022-10-29 03:05:15
4,8GC36PWP+AI,2022-12-09 12:10:38,2022-12-09 13:07:38,2022-12-09 11:54:38
5,8GC36PWP+AJ,2022-11-28 00:41:24,2022-11-28 02:41:24,2022-11-27 00:14:24
6,8GC36P4G+AA,2022-11-03 14:28:45,2022-11-03 15:13:45,2022-10-31 14:15:45
7,8GC36P4G+AB,2022-10-06 07:51:06,2022-10-06 09:13:06,2022-10-04 07:37:06
8,8GC36P4G+AC,2022-12-20 06:58:03,2022-12-20 08:00:03,2022-12-20 06:44:03
9,8GC36P4G+AD,2022-12-04 20:16:41,2022-12-04 21:54:41,2022-12-02 19:45:41
10,8GC36P4G+AE,2022-10-10 16:22:14,2022-10-10 18:01:14,2022-10-07 16:09:14
0,8GC36P4G+AF,2022-12-12 00:42:48,2022-12-12 02:42:48,2022-12-10 00:09:48
1,8GC36P4G+AG,2022-12-23 13:24:03,2022-12-23 14:42:03,2022-12-20 13:10:03
2,8GC36P4G+AH,2022-12-21 14:11:04,2022-12-21 16:02:04,2022-12-21 13:53:04
3,8GC36P4G+AI,2022-11-29 18:42:29,2022-11-29 19:46:29,2022-11-28 18:09:29
4,8GC36P4G+AJ,2022-10-05 11:58:48,2022-10-05 13:08:48,2022-10-05 11:38:48
5,8GC32Q3R+AA,2022-11-02 01:10:30,2022-11-02 02:17:30,2022-11-01 00:58:30
6,8GC32Q3R+AB,2022-12-23 08:49:38,2022-12-23 09:20:38,2022-12-20 08:09:38
7,8GC32Q3R+AC,2022-12-18 20:06:25,2022-12-18 21:28:25,2022-12-17 19:51:25
8,8GC32Q3R+AD,2022-11-30 23:07:43,2022-11-30 23:41:43,2022-11-28 22:37:43
9,8GC32Q3R+AE,2022-11-07 01:29:30,2022-11-07 03:21:30,2022-11-04 01:15:30
10,8GC32Q3R+AF,2022-11-09 18:23:36,2022-11-09 20:21:36,2022-11-09 17:53:36
0,8GC32Q3R+AG,2022-12-21 12:29:20,2022-12-21 13:44:20,2022-12-19 11:58:20
1,8GC32Q3R+AH,2022-11-04 12:03:29,2022-11-04 13:47:29,2022-11-03 11:48:29
2,8GC32Q3R+AI,2022-11-09 20:46:10,2022-11-09 21:48:10,2022-11-07 20:22:10
3,8GC32Q3R+AJ,2022-10-26 06:10:20,2022-10-26 08:08:20,2022-10-24 05:50:20
4,8GC42GFM+AA,2022-12-17 16:49:42,2022-12-17 18:15:42,2022-12-15 16:32:42
5,8GC42GFM+AB,2022-12-19 11:17:30,2022-12-19 12:18:30,2022-12-16 11:04:30
6,8GC42GFM+AC,2022-10-09 05:24:05,2022-10-09 07:16:05,2022-10-07 05:10:05
7,8GC42GFM+AD,2022-10-30 05:40:48,2022-10-30 06:26:48,2022-10-29 05:04:48
8,8GC42GFM+AE,2022-12-22 09:09:30,2022-12-22 10:26:30,2022-12-20 08:34:30
9,8GC42GFM+AF,2022-12-20 07:34:32,2022-12-20 08:56:32,2022-12-19 07:17:32
10,8GC42GFM+AG,2022-11-30 18:12:17,2022-11-30 19:32:17,2022-11-29 17:53:17
0,8GC42GFM+AH,2022-12-03 12:24:10,2022-12-03 14:13:10,2022-11-30 12:00:10
1,8GC42GFM+AI,2022-12-27 09:27:29,2022-12-27 10:19:29,2022-12-25 08:48:29
2,8GC42GFM+AJ,2022-11-20 20:36:58,2022-11-20 21:15:58,2022-11-17 19:58:58
3,8G93QM2G+AA,2022-12-16 04:02:34,2022-12-16 05:59:34,2022-12-16 03:40:34
4,8G93QM2G+AB,2022-12-23 00:11:47,2022-12-23 00:47:47,2022-12-22 23:52:47
5,8G93QM2G+AC,2022-10-31 23:07:01,2022-11-01 00:16:01,2022-10-28 22:30:01
6,8G93QM2G+AD,2022-10-06 13:26:14,2022-10-06 14:00:14,2022-10-06 12:58:14
7,8G93QM2G+AE,2022-11-08 13:42:02,2022-11-08 15:02:02,2022-11-08 13:05:02
8,8G93QM2G+AF,2022-11-29 19:46:04,2022-11-29 21:05:04,2022-11-29 19:23:04
9,8G93QM2G+AG,2022-10-22 11:44:08,2022-10-22 12:34:08,2022-10-19 11:20:08
10,8G93QM2G+AH,2022-12-15 16:59:41,2022-12-15 18:46:41,2022-12-14 16:39:41
0,8G93QM2G+AI,2022-10-20 16:54:05,2022-10-20 18:51:05,2022-10-18 16:24:05
1,8G93QM2G+AJ,2022-10-29 21:47:30,2022-10-29 23:08:30,2022-10-27 21:35:30
2,8G94PC3H+AA,2022-10-26 10:57:59,2022-10-26 12:19:59,2022-10-23 10:44:59
3,8G94PC3H+AB,2022-10-02 10:30:32,2022-10-02 12:02:32,2022-09-30 10:04:32
4,8G94PC3H+AC,2022-10-26 22:28:20,2022-10-27 00:28:20,2022-10-24 22:02:20
5,8G94PC3H+AD,2022-12-26 16:20:25,2022-12-26 17:39:25,2022-12-23 15:41:25
6,8G94PC3H+AE,2022-10-20 19:43:18,2022-10-20 20:13:18,2022-10-17 19:16:18
7,8G94PC3H+AF,2022-10-22 12:35:30,2022-10-22 13:16:30,2022-10-20 12:06:30
8,8G94PC3H+AG,2022-12-26 23:34:32,2022-12-27 01:14:32,2022-12-24 23:24:32
9,8G94PC3H+AH,2022-11-07 13:19:46,2022-11-07 14:48:46,2022-11-04 12:43:46
10,8G94PC3H+AI,2022-10-12 08:08:03,2022-10-12 10:00:03,2022-10-12 07:33:03
0,8G94PC3H+AJ,2022-10-05 12:46:04,2022-10-05 14:00:04,2022-10-04 12:32:04
1,8G94H2XQ+AA,2022-12-15 11:03:44,2022-12-15 12:55:44,2022-12-13 10:46:44
2,8G94H2XQ+AB,2022-11-29 20:25:49,2022-11-29 21:18:49,2022-11-26 20:06:49
3,8G94H2XQ+AC,2022-11-26 14:55:22,2022-11-26 16:52:22,2022-11-25 14:39:22
4,8G94H2XQ+AD,2022-12-01 10:01:13,2022-12-01 11:31:13,2022-11-30 09:45:13
5,8G94H2XQ+AE,2022-12-06 14:53:43,2022-12-06 16:10:43,2022-12-03 14:36:43
6,8G94H2XQ+AF,2022-12-04 22:19:45,2022-12-04 23:11:45,2022-12-02 21:46:45
7,8G94H2XQ+AG,2022-12-17 17:24:56,2022-12-17 18:40:56,2022-12-14 16:55:56
8,8G94H2XQ+AH,2022-11-13 12:37:18,2022-11-13 13:25:18,2022-11-12 12:06:18
9,8G94H2XQ+AI,2022-10-24 00:16:55,2022-10-24 02:12:55,2022-10-21 23:54:55
10,8G94H2XQ+AJ,2022-11-04 09:40:42,2022-11-04 10:47:42,2022-11-03 09:11:42
0,8G95Q246+AA,2022-10-01 03:45:12,2022-10-01 04:17:12,2022-10-01 03:29:12
1,8G95Q246+AB,2022-12-26 19:53:09,2022-12-26 21:51:09,2022-12-26 19:27:09
2,8G95Q246+AC,2022-11-22 15:25:14,2022-11-22 16:59:14,2022-11-22 14:51:14
3,8G95Q246+AD,2022-10-21 14:05:45,2022-10-21 14:35:45,2022-10-19 13:51:45
4,8G95Q246+AE,2022-10-01 03:44:24,2022-10-01 05:31:24,2022-09-30 03:15:24
5,8G95Q246+AF,2022-11-07 11:43:24,2022-11-07 12:39:24,2022-11-05 11:10:24
6,8G95Q246+AG,2022-10-11 20:29:08,2022-10-11 21:59:08,2022-10-10 19:56:08
7,8G95Q246+AH,2022-12-07 19:01:57,2022-12-07 20:44:57,2022-12-05 18:45:57
8,8G95Q246+AI,2022-12-06 21:18:08,2022-12-06 21:50:08,2022-12-04 21:07:08
9,8G95Q246+AJ,2022-10-06 21:26:13,2022-10-06 22:32:13,2022-10-03 21:16:13
10,8GC37QPP+AA,2022-11-06 10:45:13,2022-11-06 12:38:13,2022-11-03 10:26:13
0,8GC37QPP+AB,2022-11-07 17:37:19,2022-11-07 18:22:19,2022-11-05 17:25:19
1,8GC37QPP+AC,2022-11-01 22:55:10,2022-11-02 00:14:10,2022-10-30 22:32:10
2,8GC37QPP+AD,2022-12-27 00:36:10,2022-12-27 01:49:10,2022-12-27 00:15:10
3,8GC37QPP+AE,2022-10-02 19:10:21,2022-10-02 20:14:21,2022-10-01 18:30:21
4,8GC37QPP+AF,2022-11-20 02:33:22,2022-11-20 04:27:22,2022-11-19 02:06:22
5,8GC37QPP+AG,2022-12-25 14:12:20,2022-12-25 14:44:20,2022-12-24 13:33:20
6,8GC37QPP+AH,2022-11-08 16:54:00,2022-11-08 17:56:00,2022-11-07 16:26:00
7,8GC37QPP+AI,2022-12-02 13:24:08,2022-12-02 14:58:08,2022-12-02 13:05:08
8,8GC37QPP+AJ,2022-12-13 21:05:05,2022-12-13 22:37:05,2022-12-13 20:26:05
9,8GC36PWP+AA,2022-12-17 00:31:50,2022-12-17 02:25:50,2022-12-14 23:57:50
10,8GC36PWP+AB,2022-11-14 06:16:45,2022-11-14 07:36:45,2022-11-12 05:43:45
0,8GC36PWP+AC,2022-10-19 16:32:39,2022-10-19 17:40:39,2022-10-19 15:54:39
1,8GC36PWP+AD,2022-10-08 13:49:11,2022-10-08 14:32:11,2022-10-08 13:26:11
2,8GC36PWP+AE,2022-10-11 13:04:29,2022-10-11 14:02:29,2022-10-11 12:44:29
3,8GC36PWP+AF,2022-11-21 01:50:07,2022-11-21 02:31:07,2022-11-19 01:18:07
4,8GC36PWP+AG,2022-12-10 04:49:45,2022-12-10 06:45:45,2022-12-07 04:31:45
5,8GC36PWP+AH,2022-11-17 20:01:15,2022-11-17 21:00:15,2022-11-16 19:46:15
6,8GC36PWP+AI,2022-12-21 08:06:11,2022-12-21 09:19:11,2022-12-21 07:44:11
7,8GC36PWP+AJ,2022-10-04 02:36:01,2022-10-04 03:39:01,2022-10-04 02:21:01
8,8GC36P4G+AA,2022-12-20 05:00:36,2022-12-20 05:41:36,2022-12-18 04:42:36
9,8GC36P4G+AB,2022-10-25 03:37:56,2022-10-25 05:08:56,2022-10-25 03:26:56
10,8GC36P4G+AC,2022-10-30 03:12:00,2022-10-30 05:02:00,2022-10-30 03:00:00
0,8GC36P4G+AD,2022-11-19 16:08:50,2022-11-19 18:01:50,2022-11-18 15:52:50
1,8GC36P4G+AE,2022-11-22 18:51:57,2022-11-22 20:23:57,2022-11-21 18:32:57
2,8GC36P4G+AF,2022-10-13 15:59:58,2022-10-13 17:51:58,2022-10-12 15:49:58
3,8GC36P4G+AG,2022-10-30 18:33:09,2022-10-30 19:56:09,2022-10-30 18:12:09
4,8GC36P4G+AH,2022-12-25 08:16:52,2022-12-25 09:46:52,2022-12-24 07:47:52
5,8GC36P4G+AI,2022-10-04 07:33:04,2022-10-04 08:41:04,2022-10-01 07:10:04
6,8GC36P4G+AJ,2022-10-21 05:25:55,2022-10-21 07:04:55,2022-10-18 05:13:55
7,8GC32Q3R+AA,2022-11-09 14:28:23,2022-11-09 14:59:23,2022-11-09 14:17:23
8,8GC32Q3R+AB,2022-11-26 01:47:09,2022-11-26 03:43:09,2022-11-23 01:24:09
9,8GC32Q3R+AC,2022-11-15 05:31:01,2022-11-15 06:15:01,2022-11-12 04:51:01
10,8GC32Q3R+AD,2022-11-23 01:47:16,2022-11-23 02:46:16,2022-11-21 01:30:16
0,8GC32Q3R+AE,2022-11-09 05:34:00,2022-11-09 06:37:00,2022-11-08 05:10:00
1,8GC32Q3R+AF,2022-11-19 16:38:12,2022-11-19 17:28:12,2022-11-16 16:08:12
2,8GC32Q3R+AG,2022-11-09 21:06:13,2022-11-09 21:45:13,2022-11-07 20:40:13
3,8GC32Q3R+AH,2022-11-19 11:20:55,2022-11-19 12:07:55,2022-11-16 10:53:55
4,8GC32Q3R+AI,2022-10-15 15:01:15,2022-10-15 16:02:15,2022-10-12 14:46:15
5,8GC32Q3R+AJ,2022-12-08 09:46:19,2022-12-08 11:13:19,2022-12-07 09:21:19
6,8GC42GFM+AA,2022-11-03 10:55:05,2022-11-03 12:47:05,2022-11-02 10:33:05
7,8GC42GFM+AB,2022-12-12 06:05:45,2022-12-12 07:17:45,2022-12-10 05:26:45
8,8GC42GFM+AC,2022-12-08 15:21:20,2022-12-08 15:53:20,2022-12-08 14:45:20
9,8GC42GFM+AD,2022-10-30 09:10:00,2022-10-30 11:09:00,2022-10-29 08:57:00
10,8GC42GFM+AE,2022-12-14 08:34:56,2022-12-14 10:18:56,2022-12-11 08:06:56
0,8GC42GFM+AF,2022-11-04 08:10:52,2022-11-04 10:09:52,2022-11-01 07:36:52
1,8GC42GFM+AG,2022-10-31 15:28:29,2022-10-31 16:14:29,2022-10-31 14:51:29
2,8GC42GFM+AH,2022-11-23 17:14:36,2022-11-23 18:29:36,2022-11-20 16:49:36
3,8GC42GFM+AI,2022-10-04 11:01:18,2022-10-04 12:50:18,2022-10-03 10:49:18
4,8GC42GFM+AJ,2022-11-23 16:00:08,2022-11-23 17:43:08,2022-11-20 15:29:08
5,8G93QM2G+AA,2022-11-04 03:20:27,2022-11-04 05:00:27,2022-11-04 02:51:27
6,8G93QM2G+AB,2022-10-17 00:38:29,2022-10-17 02:19:29,2022-10-15 00:11:29
7,8G93QM2G+AC,2022-12-12 08:45:47,2022-12-12 10:05:47,2022-12-12 08:16:47
8,8G93QM2G+AD,2022-12-20 17:38:34,2022-12-20 18:56:34,2022-12-20 17:25:34
9,8G93QM2G+AE,2022-11-01 19:25:11,2022-11-01 20:10:11,2022-10-29 19:06:11
10,8G93QM2G+AF,2022-11-24 02:19:21,2022-11-24 03:54:21,2022-11-22 01:53:21
0,8G93QM2G+AG,2022-11-03 15:43:36,2022-11-03 17:32:36,2022-11-02 15:21:36
1,8G93QM2G+AH,2022-11-06 10:56:38,2022-11-06 12:43:38,2022-11-03 10:24:38
2,8G93QM2G+AI,2022-10-12 06:12:55,2022-10-12 07:49:55,2022-10-09 05:33:55
3,8G93QM2G+AJ,2022-11-01 11:02:27,2022-11-01 12:20:27,2022-10-31 10:39:27
4,8G94PC3H+AA,2022-10-09 22:33:38,2022-10-09 23:30:38,2022-10-06 21:54:38
5,8G94PC3H+AB,2022-12-17 04:36:56,2022-12-17 06:34:56,2022-12-16 04:19:56
6,8G94PC3H+AC,2022-11-12 21:35:00,2022-11-12 22:18:00,2022-11-10 21:25:00
7,8G94PC3H+AD,2022-11-28 03:42:43,2022-11-28 04:20:43,2022-11-27 03:16:43
8,8G94PC3H+AE,2022-11-07 21:59:47,2022-11-07 23:45:47,2022-11-07 21:25:47
9,8G94PC3H+AF,2022-10-12 02:54:57,2022-10-12 04:44:57,2022-10-12 02:29:57
10,8G94PC3H+AG,2022-12-13 20:09:11,2022-12-13 21:04:11,2022-12-11 19:35:11
0,8G94PC3H+AH,2022-12-11 09:31:44,2022-12-11 11:08:44,2022-12-11 09:16:44
1,8G94PC3H+AI,2022-12-01 21:47:17,2022-12-01 22:33:17,2022-11-30 21:13:17
2,8G94PC3H+AJ,2022-12-02 20:45:17,2022-12-02 22:41:17,2022-12-01 20:07:17
3,8G94H2XQ+AA,2022-12-01 17:53:46,2022-12-01 19:15:46,2022-11-28 17:34:46
4,8G94H2XQ+AB,2022-11-21 15:41:24,2022-11-21 17:27:24,2022-11-20 15:23:24
5,8G94H2XQ+AC,2022-11-04 09:36:40,2022-11-04 11:25:40,2022-11-02 09:10:40
6,8G94H2XQ+AD,2022-12-18 16:36:18,2022-12-18 17:42:18,2022-12-16 16:19:18
7,8G94H2XQ+AE,2022-11-27 16:16:18,2022-11-27 16:56:18,2022-11-24 16:04:18
8,8G94H2XQ+AF,2022-10-11 04:13:57,2022-10-11 05:20:57,2022-10-09 04:02:57
9,8G94H2XQ+AG,2022-11-25 03:04:12,2022-11-25 03:44:12,2022-11-23 02:41:12
10,8G94H2XQ+AH,2022-12-11 17:14:59,2022-12-11 18:07:59,2022-12-08 16:50:59
0,8G94H2XQ+AI,2022-11-19 14:50:04,2022-11-19 16:24:04,2022-11-16 14:38:04
1,8G94H2XQ+AJ,2022-10-27 15:08:09,2022-10-27 17:02:09,2022-10-26 14:37:09
2,8G95Q246+AA,2022-10-07 22:42:31,2022-10-08 00:12:31,2022-10-06 22:27:31
3,8G95Q246+AB,2022-10-26 08:49:55,2022-10-26 09:28:55,2022-10-25 08:26:55
4,8G95Q246+AC,2022-10-26 11:22:11,2022-10-26 12:43:11,2022-10-26 10:47:11
5,8G95Q246+AD,2022-10-01 12:56:36,2022-10-01 14:37:36,2022-09-29 12:39:36
6,8G95Q246+AE,2022-10-27 16:42:31,2022-10-27 18:09:31,2022-10-27 16:20:31
7,8G95Q246+AF,2022-10-15 10:46:45,2022-10-15 12:08:45,2022-10-15 10:25:45
8,8G95Q246+AG,2022-11-20 21:46:09,2022-11-20 23:11:09,2022-11-20 21:31:09
9,8G95Q246+AH,2022-11-19 11:37:25,2022-11-19 12:55:25,2022-11-18 11:13:25
10,8G95Q246+AI,2022-11-05 20:52:22,2022-11-05 21:35:22,2022-11-02 20:19:22
0,8G95Q246+AJ,2022-11-26 12:15:56,2022-11-26 13:39:56,2022-11-24 11:51:56
1,8GC37QPP+AA,2022-11-13 23:51:16,2022-11-14 01:45:16,2022-11-11 23:26:16
2,8GC37QPP+AB,2022-12-25 19:39:52,2022-12-25 21:32:52,2022-12-25 19:13:52
3,8GC37QPP+AC,2022-10-29 02:37:23,2022-10-29 03:35:23,2022-10-27 02:07:23
4,8GC37QPP+AD,2022-12-02 09:30:31,2022-12-02 11:17:31,2022-11-29 08:51:31
5,8GC37QPP+AE,2022-10-24 19:10:36,2022-10-24 19:54:36,2022-10-24 18:47:36
6,8GC37QPP+AF,2022-11-14 23:04:37,2022-11-15 00:27:37,2022-11-12 22:34:37
7,8GC37QPP+AG,2022-11-14 06:45:31,2022-11-14 07:20:31,2022-11-11 06:14:31
8,8GC37QPP+AH,2022-12-06 08:35:41,2022-12-06 09:39:41,2022-12-06 08:04:41
9,8GC37QPP+AI,2022-12-01 04:59:26,2022-12-01 06:47:26,2022-12-01 04:47:26
10,8GC37QPP+AJ,2022-12-08 12:19:07,2022-12-08 13:02:07,2022-12-07 12:03:07
0,8GC36PWP+AA,2022-12-18 21:21:07,2022-12-18 23:02:07,2022-12-17 21:08:07
1,8GC36PWP+AB,2022-11-22 10:41:34,2022-11-22 11:54:34,2022-11-20 10:20:34
2,8GC36PWP+AC,2022-12-22 10:40:33,2022-12-22 11:32:33,2022-12-20 10:02:33
3,8GC36PWP+AD,2022-11-28 09:22:14,2022-11-28 10:51:14,2022-11-25 09:00:14
4,8GC36PWP+AE,2022-11-01 09:35:51,2022-11-01 11:26:51,2022-10-31 09:07:51
5,8GC36PWP+AF,2022-12-07 13:12:50,2022-12-07 14:43:50,2022-12-05 13:01:50
6,8GC36PWP+AG,2022-12-14 22:54:20,2022-12-15 00:29:20,2022-12-14 22:19:20
7,8GC36PWP+AH,2022-10-03 03:07:31,2022-10-03 04:27:31,2022-09-30 02:33:31
8,8GC36PWP+AI,2022-10-20 22:28:55,2022-10-21 00:11:55,2022-10-18 22:16:55
9,8GC36PWP+AJ,2022-10-31 17:18:55,2022-10-31 19:07:55,2022-10-30 16:47:55
10,8GC36P4G+AA,2022-12-16 04:46:54,2022-12-16 06:03:54,2022-12-14 04:36:54
0,8GC36P4G+AB,2022-12-27 03:46:48,2022-12-27 05:36:48,2022-12-27 03:21:48
1,8GC36P4G+AC,2022-12-18 19:30:07,2022-12-18 20:37:07,2022-12-17 19:13:07
2,8GC36P4G+AD,2022-12-25 12:57:28,2022-12-25 13:33:28,2022-12-22 12:22:28
3,8GC36P4G+AE,2022-11-26 06:35:04,2022-11-26 08:04:04,2022-11-26 06:01:04
4,8GC36P4G+AF,2022-11-30 17:03:15,2022-11-30 17:37:15,2022-11-27 16:51:15
5,8GC36P4G+AG,2022-11-04 19:59:28,2022-11-04 21:28:28,2022-11-01 19:19:28
6,8GC36P4G+AH,2022-11-29 16:45:34,2022-11-29 18:17:34,2022-11-27 16:06:34
7,8GC36P4G+AI,2022-10-24 14:11:12,2022-10-24 15:08:12,2022-10-21 13:48:12
8,8GC36P4G+AJ,2022-12-15 04:24:53,2022-12-15 05:16:53,2022-12-14 03:55:53
9,8GC32Q3R+AA,2022-11-07 03:36:35,2022-11-07 05:23:35,2022-11-06 03:17:35
10,8GC32Q3R+AB,2022-12-16 23:20:27,2022-12-17 00:28:27,2022-12-15 23:07:27
0,8GC32Q3R+AC,2022-12-03 01:11:20,2022-12-03 02:18:20,2022-12-01 00:33:20
1,8GC32Q3R+AD,2022-10-24 08:53:46,2022-10-24 10:16:46,2022-10-23 08:34:46
2,8GC32Q3R+AE,2022-11-02 14:39:42,2022-11-02 15:20:42,2022-10-30 14:08:42
3,8GC32Q3R+AF,2022-10-04 13:17:51,2022-10-04 13:56:51,2022-10-03 12:57:51
4,8GC32Q3R+AG,2022-11-13 02:32:44,2022-11-13 04:00:44,2022-11-13 02:09:44
5,8GC32Q3R+AH,2022-10-08 18:16:47,2022-10-08 19:44:47,2022-10-05 17:57:47
6,8GC32Q3R+AI,2022-11-16 10:50:39,2022-11-16 12:44:39,2022-11-15 10:11:39
7,8GC32Q3R+AJ,2022-10-14 00:11:41,2022-10-14 00:51:41,2022-10-12 23:48:41
8,8GC42GFM+AA,2022-10-10 15:21:02,2022-10-10 16:54:02,2022-10-10 14:57:02
9,8GC42GFM+AB,2022-12-03 12:44:56,2022-12-03 13:38:56,2022-11-30 12:34:56
10,8GC42GFM+AC,2022-10-10 12:33:14,2022-10-10 14:04:14,2022-10-08 12:08:14
0,8GC42GFM+AD,2022-11-27 08:14:26,2022-11-27 08:48:26,2022-11-24 07:55:26
1,8GC42GFM+AE,2022-11-19 08:53:02,2022-11-19 10:50:02,2022-11-16 08:36:02
2,8GC42GFM+AF,2022-10-06 09:24:49,2022-10-06 09:57:49,2022-10-06 08:54:49
3,8GC42GFM+AG,2022-10-22 23:47:19,2022-10-23 00:35:19,2022-10-19 23:30:19
4,8GC42GFM+AH,2022-11-06 17:21:37,2022-11-06 17:58:37,2022-11-06 17:11:37
5,8GC42GFM+AI,2022-10-23 08:14:44,2022-10-23 09:34:44,2022-10-22 07:50:44
6,8GC42GFM+AJ,2022-10-23 22:26:09,2022-10-23 23:58:09,2022-10-23 22:00:09
7,8G93QM2G+AA,2022-10-13 17:48:32,2022-10-13 18:36:32,2022-10-12 17:31:32
8,8G93QM2G+AB,2022-10-15 04:56:39,2022-10-15 06:30:39,2022-10-15 04:42:39
9,8G93QM2G+AC,2022-11-27 17:16:44,2022-11-27 18:40:44,2022-11-24 17:02:44
10,8G93QM2G+AD,2022-10-30 03:23:56,2022-10-30 04:02:56,2022-10-27 03:04:56
0,8G93QM2G+AE,2022-11-13 12:04:11,2022-11-13 13:09:11,2022-11-10 11:30:11
1,8G93QM2G+AF,2022-10-23 21:02:13,2022-10-23 22:35:13,2022-10-20 20:29:13
2,8G93QM2G+AG,2022-10-21 15:21:03,2022-10-21 17:03:03,2022-10-18 15:02:03
3,8G93QM2G+AH,2022-12-27 15:33:56,2022-12-27 16:10:56,2022-12-25 15:22:56
4,8G93QM2G+AI,2022-11-18 21:47:14,2022-11-18 22:18:14,2022-11-18 21:34:14
5,8G93QM2G+AJ,2022-11-13 02:51:50,2022-11-13 04:44:50,2022-11-10 02:33:50
6,8G94PC3H+AA,2022-10-06 18:12:19,2022-10-06 19:55:19,2022-10-03 17:56:19
7,8G94PC3H+AB,2022-11-09 06:03:30,2022-11-09 06:39:30,2022-11-07 05:37:30
8,8G94PC3H+AC,2022-10-17 18:30:21,2022-10-17 20:21:21,2022-10-15 18:17:21
9,8G94PC3H+AD,2022-12-10 11:05:07,2022-12-10 11:47:07,2022-12-07 10:54:07
10,8G94PC3H+AE,2022-12-07 06:16:34,2022-12-07 07:53:34,2022-12-07 05:57:34
0,8G94PC3H+AF,2022-11-10 20:13:19,2022-11-10 20:48:19,2022-11-07 19:44:19
1,8G94PC3H+AG,2022-10-05 10:31:29,2022-10-05 11:58:29,2022-10-04 09:54:29
2,8G94PC3H+AH,2022-12-03 03:24:05,2022-12-03 04:58:05,2022-12-03 02:55:05
3,8G94PC3H+AI,2022-12-26 12:51:04,2022-12-26 13:55:04,2022-12-24 12:28:04
4,8G94PC3H+AJ,2022-12-12 15:04:06,2022-12-12 16:02:06,2022-12-12 14:50:06
5,8G94H2XQ+AA,2022-10-11 15:24:46,2022-10-11 15:55:46,2022-10-10 14:59:46
6,8G94H2XQ+AB,2022-10-03 01:48:09,2022-10-03 02:36:09,2022-10-03 01:32:09
7,8G94H2XQ+AC,2022-10-19 13:37:32,2022-10-19 15:08:32,2022-10-18 13:16:32
8,8G94H2XQ+AD,2022-10-10 19:51:38,2022-10-10 21:28:38,2022-10-07 19:15:38
9,8G94H2XQ+AE,2022-11-19 03:53:48,2022-11-19 04:31:48,2022-11-16 03:21:48
10,8G94H2XQ+AF,2022-11-24 15:15:33,2022-11-24 17:01:33,2022-11-22 14:41:33
0,8G94H2XQ+AG,2022-12-13 04:44:57,2022-12-13 05:32:57,2022-12-13 04:20:57
1,8G94H2XQ+AH,2022-12-09 14:25:20,2022-12-09 15:24:20,2022-12-08 14:11:20
2,8G94H2XQ+AI,2022-10-29 07:22:55,2022-10-29 08:04:55,2022-10-28 07:01:55
3,8G94H2XQ+AJ,2022-10-04 09:17:31,2022-10-04 11:05:31,2022-10-01 08:58:31
4,8G95Q246+AA,2022-10-18 07:14:18,2022-10-18 08:08:18,2022-10-18 06:34:18
5,8G95Q246+AB,2022-11-20 15:31:28,2022-11-20 16:24:28,2022-11-17 15:01:28
6,8G95Q246+AC,2022-11-02 06:07:37,2022-11-02 07:10:37,2022-11-01 05:29:37
7,8G95Q246+AD,2022-10-09 06:34:20,2022-10-09 07:06:20,2022-10-06 06:11:20
8,8G95Q246+AE,2022-12-02 21:00:51,2022-12-02 22:24:51,2022-12-02 20:27:51
9,8G95Q246+AF,2022-12-02 08:23:29,2022-12-02 09:41:29,2022-11-29 08:12:29
10,8G95Q246+AG,2022-12-19 04:35:22,2022-12-19 06:15:22,2022-12-17 04:02:22
0,8G95Q246+AH,2022-11-18 20:20:08,2022-11-18 21:28:08,2022-11-18 19:52:08
1,8G95Q246+AI,2022-11-20 13:50:47,2022-11-20 15:17:47,2022-11-18 13:37:47
2,8G95Q246+AJ,2022-11-15 08:58:19,2022-11-15 10:06:19,2022-11-14 08:23:19
3,8GC37QPP+AA,2022-11-23 06:05:48,2022-11-23 07:14:48,2022-11-20 05:25:48
4,8GC37QPP+AB,2022-11-17 09:47:46,2022-11-17 10:51:46,2022-11-14 09:28:46
5,8GC37QPP+AC,2022-11-05 08:47:44,2022-11-05 09:53:44,2022-11-03 08:07:44
6,8GC37QPP+AD,2022-12-22 16:22:57,2022-12-22 17:50:57,2022-12-22 15:47:57
7,8GC37QPP+AE,2022-10-05 10:27:55,2022-10-05 11:55:55,2022-10-05 09:47:55
8,8GC37QPP+AF,2022-12-24 04:53:12,2022-12-24 06:25:12,2022-12-24 04:18:12
9,8GC37QPP+AG,2022-11-01 22:16:25,2022-11-01 23:58:25,2022-10-29 22:05:25
10,8GC37QPP+AH,2022-12-28 10:34:21,2022-12-28 11:27:21,2022-12-28 10:19:21
0,8GC37QPP+AI,2022-12-03 17:16:06,2022-12-03 18:15:06,2022-12-03 16:54:06
1,8GC37QPP+AJ,2022-11-26 13:07:57,2022-11-26 15:03:57,2022-11-25 12:49:57
2,8GC36PWP+AA,2022-10-30 03:56:24,2022-10-30 05:51:24,2022-10-30 03:18:24
3,8GC36PWP+AB,2022-12-08 10:48:54,2022-12-08 12:35:54,2022-12-07 10:16:54
4,8GC36PWP+AC,2022-11-26 08:57:58,2022-11-26 10:51:58,2022-11-23 08:47:58
5,8GC36PWP+AD,2022-10-19 18:58:57,2022-10-19 19:51:57,2022-10-16 18:41:57
6,8GC36PWP+AE,2022-12-03 23:36:30,2022-12-04 01:36:30,2022-12-03 23:20:30
7,8GC36PWP+AF,2022-10-18 16:49:48,2022-10-18 18:19:48,2022-10-16 16:12:48
8,8GC36PWP+AG,2022-11-11 09:50:38,2022-11-11 10:30:38,2022-11-10 09:19:38
9,8GC36PWP+AH,2022-12-28 15:19:30,2022-12-28 16:39:30,2022-12-26 14:44:30
10,8GC36PWP+AI,2022-12-24 13:00:50,2022-12-24 14:50:50,2022-12-23 12:48:50
0,8GC36PWP+AJ,2022-10-28 04:35:26,2022-10-28 05:32:26,2022-10-26 04:18:26
1,8GC36P4G+AA,2022-10-22 06:22:51,2022-10-22 07:25:51,2022-10-19 05:52:51
2,8GC36P4G+AB,2022-11-20 14:24:51,2022-11-20 15:20:51,2022-11-17 14:05:51
3,8GC36P4G+AC,2022-11-30 20:46:51,2022-11-30 22:34:51,2022-11-27 20:11:51
4,8GC36P4G+AD,2022-10-05 07:43:36,2022-10-05 09:39:36,2022-10-03 07:31:36
5,8GC36P4G+AE,2022-12-23 09:25:21,2022-12-23 10:39:21,2022-12-22 09:15:21
6,8GC36P4G+AF,2022-11-28 09:59:35,2022-11-28 11:26:35,2022-11-28 09:24:35
7,8GC36P4G+AG,2022-12-28 03:56:40,2022-12-28 05:21:40,2022-12-27 03:30:40
8,8GC36P4G+AH,2022-12-09 10:04:24,2022-12-09 11:38:24,2022-12-09 09:44:24
9,8GC36P4G+AI,2022-12-26 13:12:42,2022-12-26 14:58:42,2022-12-26 12:48:42
10,8GC36P4G+AJ,2022-11-09 12:15:26,2022-11-09 13:24:26,2022-11-07 11:45:26
0,8GC32Q3R+AA,2022-11-14 04:45:31,2022-11-14 05:40:31,2022-11-12 04:10:31
1,8GC32Q3R+AB,2022-10-29 06:22:22,2022-10-29 07:00:22,2022-10-29 06:09:22
2,8GC32Q3R+AC,2022-12-20 09:38:40,2022-12-20 10:58:40,2022-12-18 09:07:40
3,8GC32Q3R+AD,2022-11-26 08:35:52,2022-11-26 10:17:52,2022-11-24 07:59:52
4,8GC32Q3R+AE,2022-10-09 10:47:32,2022-10-09 11:55:32,2022-10-08 10:30:32
5,8GC32Q3R+AF,2022-12-10 00:41:11,2022-12-10 01:32:11,2022-12-10 00:31:11
6,8GC32Q3R+AG,2022-11-02 01:51:38,2022-11-02 03:34:38,2022-11-02 01:15:38
7,8GC32Q3R+AH,2022-11-01 18:21:13,2022-11-01 20:16:13,2022-10-29 17:50:13
8,8GC32Q3R+AI,2022-11-02 21:47:45,2022-11-02 22:46:45,2022-11-02 21:37:45
9,8GC32Q3R+AJ,2022-11-12 10:49:15,2022-11-12 11:55:15,2022-11-11 10:19:15
10,8GC42GFM+AA,2022-10-05 01:43:11,2022-10-05 02:55:11,2022-10-02 01:31:11
0,8GC42GFM+AB,2022-10-28 15:58:27,2022-10-28 16:41:27,2022-10-25 15:42:27
1,8GC42GFM+AC,2022-10-27 18:48:15,2022-10-27 20:20:15,2022-10-26 18:23:15
2,8GC42GFM+AD,2022-12-15 19:09:56,2022-12-15 21:04:56,2022-12-14 18:43:56
3,8GC42GFM+AE,2022-12-05 04:59:06,2022-12-05 05:48:06,2022-12-05 04:21:06
4,8GC42GFM+AF,2022-10-23 20:14:51,2022-10-23 21:38:51,2022-10-23 19:59:51
5,8GC42GFM+AG,2022-10-14 23:40:41,2022-10-15 01:23:41,2022-10-11 23:24:41
6,8GC42GFM+AH,2022-12-11 01:29:37,2022-12-11 02:48:37,2022-12-09 01:09:37
7,8GC42GFM+AI,2022-12-19 09:27:37,2022-12-19 10:09:37,2022-12-19 08:49:37
8,8GC42GFM+AJ,2022-10-23 13:50:21,2022-10-23 15:18:21,2022-10-20 13:37:21
9,8G93QM2G+AA,2022-12-11 17:59:43,2022-12-11 19:45:43,2022-12-08 17:46:43
10,8G93QM2G+AB,2022-10-01 04:29:16,2022-10-01 06:24:16,2022-09-30 03:56:16
0,8G93QM2G+AC,2022-10-20 02:28:39,2022-10-20 04:02:39,2022-10-17 01:56:39
1,8G93QM2G+AD,2022-12-23 13:57:09,2022-12-23 15:26:09,2022-12-22 13:19:09
2,8G93QM2G+AE,2022-11-10 23:44:35,2022-11-11 00:47:35,2022-11-09 23:06:35
3,8G93QM2G+AF,2022-10-02 18:03:34,2022-10-02 19:38:34,2022-09-30 17:34:34
4,8G93QM2G+AG,2022-12-21 02:10:13,2022-12-21 03:45:13,2022-12-20 01:52:13
5,8G93QM2G+AH,2022-10-21 08:28:44,2022-10-21 09:44:44,2022-10-20 08:17:44
6,8G93QM2G+AI,2022-12-17 17:55:21,2022-12-17 19:35:21,2022-12-15 17:22:21
7,8G93QM2G+AJ,2022-11-28 09:35:45,2022-11-28 10:29:45,2022-11-25 09:16:45
8,8G94PC3H+AA,2022-12-03 22:36:08,2022-12-04 00:26:08,2022-11-30 22:24:08
9,8G94PC3H+AB,2022-12-08 21:35:09,2022-12-08 22:53:09,2022-12-05 21:22:09
10,8G94PC3H+AC,2022-10-06 01:06:16,2022-10-06 01:49:16,2022-10-04 00:36:16
0,8G94PC3H+AD,2022-10-16 18:31:29,2022-10-16 19:14:29,2022-10-14 18:14:29
1,8G94PC3H+AE,2022-12-24 13:56:42,2022-12-24 14:50:42,2022-12-23 13:22:42
2,8G94PC3H+AF,2022-12-09 15:47:45,2022-12-09 17:22:45,2022-12-07 15:30:45
3,8G94PC3H+AG,2022-10-18 19:02:54,2022-10-18 19:50:54,2022-10-15 18:34:54
4,8G94PC3H+AH,2022-11-14 00:58:12,2022-11-14 01:33:12,2022-11-13 00:39:12
5,8G94PC3H+AI,2022-12-20 09:55:24,2022-12-20 10:52:24,2022-12-18 09:44:24
6,8G94PC3H+AJ,2022-12-06 12:22:20,2022-12-06 13:55:20,2022-12-05 12:08:20
7,8G94H2XQ+AA,2022-12-02 00:51:52,2022-12-02 01:42:52,2022-11-30 00:23:52
8,8G94H2XQ+AB,2022-11-10 07:25:44,2022-11-10 08:45:44,2022-11-10 07:04:44
9,8G94H2XQ+AC,2022-12-20 08:30:21,2022-12-20 09:27:21,2022-12-20 08:18:21
10,8G94H2XQ+AD,2022-12-04 16:19:25,2022-12-04 17:44:25,2022-12-01 16:08:25
0,8G94H2XQ+AE,2022-12-05 12:24:00,2022-12-05 13:13:00,2022-12-04 11:51:00
1,8G94H2XQ+AF,2022-11-13 05:11:30,2022-11-13 05:43:30,2022-11-13 05:01:30
2,8G94H2XQ+AG,2022-11-09 23:56:08,2022-11-10 00:40:08,2022-11-07 23:32:08
3,8G94H2XQ+AH,2022-11-21 13:06:50,2022-11-21 14:13:50,2022-11-19 12:41:50
4,8G94H2XQ+AI,2022-12-16 19:08:31,2022-12-16 20:03:31,2022-12-14 18:47:31
5,8G94H2XQ+AJ,2022-12-10 04:20:33,2022-12-10 05:49:33,2022-12-09 03:51:33
6,8G95Q246+AA,2022-12-25 23:59:00,2022-12-26 01:17:00,2022-12-24 23:28:00
7,8G95Q246+AB,2022-11-07 21:05:17,2022-11-07 22:57:17,2022-11-06 20:30:17
8,8G95Q246+AC,2022-10-10 14:00:24,2022-10-10 15:11:24,2022-10-07 13:32:24
9,8G95Q246+AD,2022-10-19 20:51:55,2022-10-19 21:58:55,2022-10-16 20:14:55
10,8G95Q246+AE,2022-11-01 04:54:08,2022-11-01 06:15:08,2022-10-30 04:15:08
0,8G95Q246+AF,2022-10-30 09:42:15,2022-10-30 10:28:15,2022-10-29 09:25:15
1,8G95Q246+AG,2022-12-07 06:49:16,2022-12-07 08:12:16,2022-12-07 06:16:16
2,8G95Q246+AH,2022-10-02 15:30:08,2022-10-02 16:53:08,2022-10-01 15:18:08
3,8G95Q246+AI,2022-11-17 20:58:08,2022-11-17 21:43:08,2022-11-16 20:47:08
4,8G95Q246+AJ,2022-11-21 19:45:30,2022-11-21 20:55:30,2022-11-19 19:07:30
5,8GC37QPP+AA,2022-11-15 20:12:56,2022-11-15 21:18:56,2022-11-12 19:32:56
6,8GC37QPP+AB,2022-11-03 14:38:49,2022-11-03 16:00:49,2022-11-03 14:18:49
7,8GC37QPP+AC,2022-12-21 18:22:59,2022-12-21 19:39:59,2022-12-19 18:03:59
8,8GC37QPP+AD,2022-12-24 09:08:50,2022-12-24 10:39:50,2022-12-22 08:36:50
9,8GC37QPP+AE,2022-12-17 12:41:48,2022-12-17 14:09:48,2022-12-17 12:09:48
10,8GC37QPP+AF,2022-10-21 20:18:06,2022-10-21 21:18:06,2022-10-21 19:53:06
0,8GC37QPP+AG,2022-12-15 05:31:18,2022-12-15 06:51:18,2022-12-13 04:58:18
1,8GC37QPP+AH,2022-11-03 21:32:58,2022-11-03 23:20:58,2022-10-31 21:04:58
2,8GC37QPP+AI,2022-12-05 09:48:05,2022-12-05 10:37:05,2022-12-02 09:37:05
3,8GC37QPP+AJ,2022-10-18 07:20:09,2022-10-18 09:14:09,2022-10-16 06:42:09
4,8GC36PWP+AA,2022-12-08 13:11:29,2022-12-08 14:04:29,2022-12-06 12:58:29
5,8GC36PWP+AB,2022-11-01 22:58:21,2022-11-02 00:41:21,2022-11-01 22:27:21
6,8GC36PWP+AC,2022-11-17 19:59:43,2022-11-17 20:58:43,2022-11-14 19:48:43
7,8GC36PWP+AD,2022-10-30 20:39:51,2022-10-30 22:26:51,2022-10-30 20:23:51
8,8GC36PWP+AE,2022-11-14 17:36:33,2022-11-14 19:23:33,2022-11-12 17:04:33
9,8GC36PWP+AF,2022-12-20 09:43:52,2022-12-20 10:26:52,2022-12-20 09:20:52
10,8GC36PWP+AG,2022-10-27 13:33:11,2022-10-27 14:29:11,2022-10-26 13:23:11
0,8GC36PWP+AH,2022-11-25 00:21:32,2022-11-25 01:08:32,2022-11-22 23:48:32
1,8GC36PWP+AI,2022-10-01 16:42:08,2022-10-01 17:45:08,2022-09-28 16:22:08
2,8GC36PWP+AJ,2022-12-13 08:25:05,2022-12-13 09:28:05,2022-12-10 08:02:05
3,8GC36P4G+AA,2022-12-09 22:35:57,2022-12-09 23:40:57,2022-12-08 21:57:57
4,8GC36P4G+AB,2022-12-10 09:08:44,2022-12-10 10:50:44,2022-12-10 08:55:44
5,8GC36P4G+AC,2022-10-13 17:01:42,2022-10-13 18:47:42,2022-10-10 16:45:42
6,8GC36P4G+AD,2022-11-12 03:27:28,2022-11-12 05:10:28,2022-11-10 03:05:28
7,8GC36P4G+AE,2022-11-11 05:02:56,2022-11-11 06:55:56,2022-11-11 04:28:56
8,8GC36P4G+AF,2022-11-20 00:40:58,2022-11-20 01:44:58,2022-11-20 00:22:58
9,8GC36P4G+AG,2022-12-14 21:55:59,2022-12-14 23:21:59,2022-12-14 21:30:59
10,8GC36P4G+AH,2022-10-05 04:35:15,2022-10-05 06:23:15,2022-10-03 04:19:15
0,8GC36P4G+AI,2022-11-05 16:49:32,2022-11-05 17:25:32,2022-11-05 16:16:32
1,8GC36P4G+AJ,2022-12-16 17:46:52,2022-12-16 18:57:52,2022-12-14 17:17:52
2,8GC32Q3R+AA,2022-12-01 18:27:52,2022-12-01 20:19:52,2022-12-01 18:05:52
3,8GC32Q3R+AB,2022-10-06 17:55:17,2022-10-06 19:53:17,2022-10-03 17:36:17
4,8GC32Q3R+AC,2022-12-24 20:39:48,2022-12-24 21:45:48,2022-12-23 20:01:48
5,8GC32Q3R+AD,2022-10-14 15:26:42,2022-10-14 16:34:42,2022-10-14 15:05:42
6,8GC32Q3R+AE,2022-10-05 18:27:53,2022-10-05 20:09:53,2022-10-03 18:00:53
7,8GC32Q3R+AF,2022-10-04 17:39:34,2022-10-04 18:19:34,2022-10-02 17:18:34
8,8GC32Q3R+AG,2022-12-12 04:56:38,2022-12-12 06:36:38,2022-12-11 04:24:38
9,8GC32Q3R+AH,2022-11-19 06:11:09,2022-11-19 07:28:09,2022-11-19 05:58:09
10,8GC32Q3R+AI,2022-12-15 03:29:35,2022-12-15 04:28:35,2022-12-13 03:08:35
0,8GC32Q3R+AJ,2022-12-14 09:52:53,2022-12-14 10:52:53,2022-12-11 09:36:53
1,8GC42GFM+AA,2022-10-22 23:32:57,2022-10-23 01:28:57,2022-10-22 23:13:57
2,8GC42GFM+AB,2022-11-29 01:37:43,2022-11-29 02:40:43,2022-11-29 01:19:43
3,8GC42GFM+AC,2022-10-13 04:17:52,2022-10-13 05:51:52,2022-10-12 03:56:52
4,8GC42GFM+AD,2022-11-09 12:47:51,2022-11-09 13:55:51,2022-11-09 12:14:51
5,8GC42GFM+AE,2022-12-17 10:48:53,2022-12-17 11:38:53,2022-12-14 10:32:53
6,8GC42GFM+AF,2022-11-14 10:39:09,2022-11-14 11:14:09,2022-11-11 10:11:09
7,8GC42GFM+AG,2022-11-08 02:49:56,2022-11-08 04:47:56,2022-11-08 02:34:56
8,8GC42GFM+AH,2022-10-07 14:51:03,2022-10-07 16:06:03,2022-10-04 14:38:03
9,8GC42GFM+AI,2022-10-29 11:03:42,2022-10-29 12:46:42,2022-10-28 10:49:42
10,8GC42GFM+AJ,2022-10-14 11:54:26,2022-10-14 13:20:26,2022-10-13 11:43:26
0,8G93QM2G+AA,2022-11-15 21:29:44,2022-11-15 23:16:44,2022-11-13 21:12:44
1,8G93QM2G+AB,2022-11-29 22:50:31,2022-11-29 23:50:31,2022-11-28 22:18:31
2,8G93QM2G+AC,2022-11-09 07:12:50,2022-11-09 08:00:50,2022-11-07 06:35:50
3,8G93QM2G+AD,2022-10-22 09:17:15,2022-10-22 10:30:15,2022-10-21 09:07:15
4,8G93QM2G+AE,2022-10-26 16:01:06,2022-10-26 17:47:06,2022-10-24 15:32:06
5,8G93QM2G+AF,2022-11-01 20:46:03,2022-11-01 21:40:03,2022-11-01 20:15:03
6,8G93QM2G+AG,2022-11-10 04:54:56,2022-11-10 06:40:56,2022-11-07 04:30:56
7,8G93QM2G+AH,2022-11-01 06:00:41,2022-11-01 06:58:41,2022-10-30 05:28:41
8,8G93QM2G+AI,2022-11-08 11:00:05,2022-11-08 12:01:05,2022-11-05 10:20:05
9,8G93QM2G+AJ,2022-12-11 12:25:41,2022-12-11 13:37:41,2022-12-09 12:04:41
10,8G94PC3H+AA,2022-10-23 08:06:24,2022-10-23 09:40:24,2022-10-21 07:35:24
0,8G94PC3H+AB,2022-10-22 05:01:05,2022-10-22 06:50:05,2022-10-21 04:43:05
1,8G94PC3H+AC,2022-12-09 08:25:29,2022-12-09 09:04:29,2022-12-08 08:07:29
2,8G94PC3H+AD,2022-10-02 04:20:52,2022-10-02 06:20:52,2022-09-30 03:55:52
3,8G94PC3H+AE,2022-12-24 02:49:10,2022-12-24 04:43:10,2022-12-22 02:23:10
4,8G94PC3H+AF,2022-10-30 18:02:11,2022-10-30 19:01:11,2022-10-28 17:30:11
5,8G94PC3H+AG,2022-11-14 13:58:02,2022-11-14 14:28:02,2022-11-11 13:48:02
6,8G94PC3H+AH,2022-10-31 11:34:14,2022-10-31 12:32:14,2022-10-29 11:17:14
7,8G94PC3H+AI,2022-10-01 01:13:58,2022-10-01 02:25:58,2022-10-01 00:46:58
8,8G94PC3H+AJ,2022-12-07 21:54:03,2022-12-07 22:32:03,2022-12-06 21:24:03
9,8G94H2XQ+AA,2022-12-22 17:09:56,2022-12-22 18:40:56,2022-12-20 16:51:56
10,8G94H2XQ+AB,2022-12-05 11:39:16,2022-12-05 13:32:16,2022-12-03 11:19:16
0,8G94H2XQ+AC,2022-10-07 11:46:06,2022-10-07 13:35:06,2022-10-04 11:11:06
1,8G94H2XQ+AD,2022-11-15 01:19:31,2022-11-15 02:23:31,2022-11-12 01:09:31
2,8G94H2XQ+AE,2022-12-20 17:48:56,2022-12-20 19:10:56,2022-12-19 17:13:56
3,8G94H2XQ+AF,2022-10-09 02:41:18,2022-10-09 04:39:18,2022-10-06 02:02:18
4,8G94H2XQ+AG,2022-10-10 18:52:37,2022-10-10 20:42:37,2022-10-10 18:27:37
5,8G94H2XQ+AH,2022-12-26 03:36:21,2022-12-26 05:32:21,2022-12-24 03:24:21
6,8G94H2XQ+AI,2022-11-05 03:33:35,2022-11-05 05:08:35,2022-11-04 03:19:35
7,8G94H2XQ+AJ,2022-11-01 07:04:16,2022-11-01 08:04:16,2022-10-29 06:27:16
8,8G95Q246+AA,2022-10-28 00:00:08,2022-10-28 01:51:08,2022-10-26 23:43:08
9,8G95Q246+AB,2022-12-12 10:34:03,2022-12-12 11:06:03,2022-12-11 10:23:03
10,8G95Q246+AC,2022-10-05 16:19:48,2022-10-05 17:21:48,2022-10-04 15:53:48
0,8G95Q246+AD,2022-10-13 05:52:27,2022-10-13 06:59:27,2022-10-13 05:38:27
1,8G95Q246+AE,2022-11-13 01:54:04,2022-11-13 03:48:04,2022-11-12 01:41:04
2,8G95Q246+AF,2022-10-22 23:29:21,2022-10-23 01:02:21,2022-10-22 23:15:21
3,8G95Q246+AG,2022-10-25 22:17:46,2022-10-25 23:38:46,2022-10-22 21:58:46
4,8G95Q246+AH,2022-11-28 07:54:44,2022-11-28 08:52:44,2022-11-25 07:23:44
5,8G95Q246+AI,2022-10-22 00:52:38,2022-10-22 01:27:38,2022-10-22 00:38:38
6,8G95Q246+AJ,2022-12-25 20:20:10,2022-12-25 21:13:10,2022-12-25 20:09:10
7,8GC37QPP+AA,2022-11-26 08:16:57,2022-11-26 10:03:57,2022-11-25 07:36:57
8,8GC37QPP+AB,2022-12-01 20:12:37,2022-12-01 21:50:37,2022-11-29 19:35:37
9,8GC37QPP+AC,2022-11-27 18:39:57,2022-11-27 19:35:57,2022-11-27 18:21:57
10,8GC37QPP+AD,2022-12-22 01:56:30,2022-12-22 02:31:30,2022-12-19 01:44:30
0,8GC37QPP+AE,2022-11-03 17:47:06,2022-11-03 18:52:06,2022-10-31 17:35:06
1,8GC37QPP+AF,2022-11-14 15:57:04,2022-11-14 17:48:04,2022-11-14 15:28:04
2,8GC37QPP+AG,2022-10-28 04:11:11,2022-10-28 05:38:11,2022-10-26 03:42:11
3,8GC37QPP+AH,2022-11-20 17:46:20,2022-11-20 18:16:20,2022-11-19 17:34:20
4,8GC37QPP+AI,2022-10-06 18:27:47,2022-10-06 19:04:47,2022-10-06 17:57:47
5,8GC37QPP+AJ,2022-11-05 10:44:27,2022-11-05 12:19:27,2022-11-03 10:33:27
6,8GC36PWP+AA,2022-10-09 14:07:32,2022-10-09 15:18:32,2022-10-07 13:35:32
7,8GC36PWP+AB,2022-11-06 13:29:23,2022-11-06 14:03:23,2022-11-04 13:09:23
8,8GC36PWP+AC,2022-11-08 17:14:54,2022-11-08 18:28:54,2022-11-06 16:42:54
9,8GC36PWP+AD,2022-12-25 09:29:50,2022-12-25 10:31:50,2022-12-22 08:59:50
10,8GC36PWP+AE,2022-10-09 04:37:33,2022-10-09 06:33:33,2022-10-07 04:23:33
0,8GC36PWP+AF,2022-10-15 16:30:54,2022-10-15 17:36:54,2022-10-15 16:02:54
1,8GC36PWP+AG,2022-10-14 22:41:51,2022-10-14 23:12:51,2022-10-12 22:01:51
2,8GC36PWP+AH,2022-10-20 03:10:38,2022-10-20 04:38:38,2022-10-18 02:44:38
3,8GC36PWP+AI,2022-10-26 18:56:03,2022-10-26 20:25:03,2022-10-23 18:29:03
4,8GC36PWP+AJ,2022-10-12 01:13:37,2022-10-12 02:43:37,2022-10-11 01:02:37
5,8GC36P4G+AA,2022-11-11 11:20:54,2022-11-11 12:49:54,2022-11-08 11:05:54
6,8GC36P4G+AB,2022-11-19 13:32:44,2022-11-19 14:34:44,2022-11-19 12:52:44
7,8GC36P4G+AC,2022-12-18 10:12:48,2022-12-18 12:08:48,2022-12-15 09:56:48
8,8GC36P4G+AD,2022-12-16 09:21:46,2022-12-16 10:49:46,2022-12-14 09:11:46
9,8GC36P4G+AE,2022-12-15 07:06:41,2022-12-15 08:56:41,2022-12-13 06:31:41
10,8GC36P4G+AF,2022-10-04 22:09:43,2022-10-04 23:04:43,2022-10-03 21:40:43
0,8GC36P4G+AG,2022-12-12 00:26:55,2022-12-12 01:08:55,2022-12-11 23:52:55
1,8GC36P4G+AH,2022-10-16 09:10:27,2022-10-16 09:52:27,2022-10-13 08:52:27
2,8GC36P4G+AI,2022-11-25 09:27:25,2022-11-25 10:07:25,2022-11-24 09:12:25
3,8GC36P4G+AJ,2022-11-14 02:13:18,2022-11-14 03:46:18,2022-11-12 01:52:18
4,8GC32Q3R+AA,2022-11-30 00:24:05,2022-11-30 01:01:05,2022-11-27 23:46:05
5,8GC32Q3R+AB,2022-11-19 01:00:59,2022-11-19 02:23:59,2022-11-18 00:45:59
6,8GC32Q3R+AC,2022-11-12 09:27:02,2022-11-12 10:23:02,2022-11-11 08:54:02
7,8GC32Q3R+AD,2022-11-26 20:46:30,2022-11-26 22:05:30,2022-11-25 20:23:30
8,8GC32Q3R+AE,2022-12-15 17:09:11,2022-12-15 17:58:11,2022-12-13 16:56:11
9,8GC32Q3R+AF,2022-12-20 07:44:54,2022-12-20 09:07:54,2022-12-19 07:04:54
10,8GC32Q3R+AG,2022-12-18 00:11:21,2022-12-18 01:16:21,2022-12-16 23:48:21
0,8GC32Q3R+AH,2022-11-03 15:45:19,2022-11-03 16:34:19,2022-11-02 15:08:19
1,8GC32Q3R+AI,2022-12-24 14:37:47,2022-12-24 15:52:47,2022-12-23 14:22:47
2,8GC32Q3R+AJ,2022-11-17 20:07:33,2022-11-17 21:22:33,2022-11-14 19:49:33
3,8GC42GFM+AA,2022-11-17 00:34:08,2022-11-17 01:40:08,2022-11-16 00:24:08
4,8GC42GFM+AB,2022-12-14 18:35:06,2022-12-14 19:51:06,2022-12-12 18:22:06
5,8GC42GFM+AC,2022-12-09 00:22:05,2022-12-09 01:17:05,2022-12-06 00:04:05
6,8GC42GFM+AD,2022-10-16 09:55:34,2022-10-16 11:10:34,2022-10-16 09:42:34
7,8GC42GFM+AE,2022-10-06 21:57:23,2022-10-06 23:01:23,2022-10-04 21:22:23
8,8GC42GFM+AF,2022-10-10 15:35:36,2022-10-10 16:34:36,2022-10-10 15:00:36
9,8GC42GFM+AG,2022-11-25 10:02:53,2022-11-25 11:07:53,2022-11-24 09:29:53
10,8GC42GFM+AH,2022-11-20 08:05:26,2022-11-20 09:41:26,2022-11-20 07:40:26
0,8GC42GFM+AI,2022-10-21 17:10:08,2022-10-21 18:50:08,2022-10-18 16:37:08
1,8GC42GFM+AJ,2022-11-14 08:55:44,2022-11-14 10:12:44,2022-11-11 08:39:44
2,8G93QM2G+AA,2022-11-24 15:06:52,2022-11-24 16:49:52,2022-11-23 14:53:52
3,8G93QM2G+AB,2022-11-10 06:42:31,2022-11-10 08:02:31,2022-11-09 06:10:31
4,8G93QM2G+AC,2022-10-17 20:28:06,2022-10-17 21:03:06,2022-10-16 20:16:06
5,8G93QM2G+AD,2022-11-12 04:22:44,2022-11-12 05:51:44,2022-11-10 03:54:44
6,8G93QM2G+AE,2022-12-16 06:34:11,2022-12-16 07:09:11,2022-12-16 05:55:11
7,8G93QM2G+AF,2022-12-05 10:54:06,2022-12-05 11:45:06,2022-12-03 10:44:06
8,8G93QM2G+AG,2022-10-06 17:22:31,2022-10-06 18:09:31,2022-10-06 16:44:31
9,8G93QM2G+AH,2022-12-09 06:00:02,2022-12-09 06:32:02,2022-12-07 05:36:02
10,8G93QM2G+AI,2022-10-28 17:48:41,2022-10-28 18:25:41,2022-10-27 17:28:41
0,8G93QM2G+AJ,2022-11-09 18:50:17,2022-11-09 20:16:17,2022-11-07 18:26:17
1,8G94PC3H+AA,2022-11-05 12:34:29,2022-11-05 13:29:29,2022-11-03 12:18:29
2,8G94PC3H+AB,2022-11-28 04:22:14,2022-11-28 04:56:14,2022-11-25 04:08:14
3,8G94PC3H+AC,2022-10-22 23:16:32,2022-10-22 23:52:32,2022-10-19 22:40:32
4,8G94PC3H+AD,2022-12-08 13:41:48,2022-12-08 14:30:48,2022-12-07 13:15:48
5,8G94PC3H+AE,2022-12-21 22:25:09,2022-12-21 22:55:09,2022-12-18 21:59:09
6,8G94PC3H+AF,2022-11-27 01:10:36,2022-11-27 02:21:36,2022-11-26 00:47:36
7,8G94PC3H+AG,2022-12-18 17:19:46,2022-12-18 18:31:46,2022-12-16 16:53:46
8,8G94PC3H+AH,2022-11-26 23:40:38,2022-11-27 01:28:38,2022-11-23 23:20:38
9,8G94PC3H+AI,2022-12-19 21:33:15,2022-12-19 23:21:15,2022-12-17 21:00:15
10,8G94PC3H+AJ,2022-10-15 14:42:08,2022-10-15 15:19:08,2022-10-12 14:12:08
0,8G94H2XQ+AA,2022-11-11 16:33:56,2022-11-11 18:17:56,2022-11-11 16:19:56
1,8G94H2XQ+AB,2022-12-06 11:45:08,2022-12-06 12:55:08,2022-12-06 11:17:08
2,8G94H2XQ+AC,2022-11-11 20:45:59,2022-11-11 21:34:59,2022-11-08 20:24:59
3,8G94H2XQ+AD,2022-11-27 21:00:32,2022-11-27 22:40:32,2022-11-27 20:20:32
4,8G94H2XQ+AE,2022-11-30 17:05:00,2022-11-30 19:05:00,2022-11-29 16:32:00
5,8G94H2XQ+AF,2022-12-10 11:35:03,2022-12-10 12:39:03,2022-12-09 11:11:03
6,8G94H2XQ+AG,2022-10-10 13:09:31,2022-10-10 14:45:31,2022-10-08 12:48:31
7,8G94H2XQ+AH,2022-10-17 12:50:01,2022-10-17 14:03:01,2022-10-17 12:26:01
8,8G94H2XQ+AI,2022-12-14 09:34:46,2022-12-14 10:52:46,2022-12-12 09:12:46
9,8G94H2XQ+AJ,2022-12-09 07:59:29,2022-12-09 08:34:29,2022-12-07 07:43:29
10,8G95Q246+AA,2022-12-11 18:31:03,2022-12-11 19:47:03,2022-12-11 18:18:03
0,8G95Q246+AB,2022-10-05 23:52:20,2022-10-06 01:34:20,2022-10-04 23:42:20
1,8G95Q246+AC,2022-12-14 21:53:53,2022-12-14 23:06:53,2022-12-12 21:15:53
2,8G95Q246+AD,2022-10-23 09:16:40,2022-10-23 10:36:40,2022-10-21 09:05:40
3,8G95Q246+AE,2022-10-20 04:26:02,2022-10-20 05:39:02,2022-10-17 04:16:02
4,8G95Q246+AF,2022-11-24 06:50:03,2022-11-24 08:49:03,2022-11-23 06:14:03
5,8G95Q246+AG,2022-10-11 13:03:37,2022-10-11 14:04:37,2022-10-11 12:53:37
6,8G95Q246+AH,2022-11-26 20:42:54,2022-11-26 21:13:54,2022-11-25 20:27:54
7,8G95Q246+AI,2022-11-24 03:35:43,2022-11-24 05:16:43,2022-11-21 03:03:43
8,8G95Q246+AJ,2022-10-02 08:56:38,2022-10-02 09:49:38,2022-10-02 08:31:38
9,8GC37QPP+AA,2022-10-15 15:39:51,2022-10-15 16:59:51,2022-10-15 15:10:51
10,8GC37QPP+AB,2022-10-02 04:52:18,2022-10-02 06:44:18,2022-09-30 04:26:18
0,8GC37QPP+AC,2022-10-26 09:08:53,2022-10-26 11:07:53,2022-10-24 08:47:53
1,8GC37QPP+AD,2022-10-13 13:06:56,2022-10-13 14:44:56,2022-10-12 12:47:56
2,8GC37QPP+AE,2022-11-17 13:19:08,2022-11-17 14:08:08,2022-11-15 12:48:08
3,8GC37QPP+AF,2022-10-05 21:46:58,2022-10-05 22:47:58,2022-10-02 21:25:58
4,8GC37QPP+AG,2022-12-25 14:31:34,2022-12-25 15:44:34,2022-12-25 14:06:34
5,8GC37QPP+AH,2022-11-11 09:21:35,2022-11-11 10:13:35,2022-11-09 08:51:35
6,8GC37QPP+AI,2022-10-30 20:27:04,2022-10-30 21:04:04,2022-10-29 20:16:04
7,8GC37QPP+AJ,2022-12-18 06:52:25,2022-12-18 08:35:25,2022-12-17 06:23:25
8,8GC36PWP+AA,2022-10-14 05:25:58,2022-10-14 06:04:58,2022-10-12 05:03:58
9,8GC36PWP+AB,2022-12-18 18:03:09,2022-12-18 18:56:09,2022-12-17 17:25:09
10,8GC36PWP+AC,2022-11-06 07:20:33,2022-11-06 08:19:33,2022-11-05 07:00:33
0,8GC36PWP+AD,2022-10-25 15:13:48,2022-10-25 16:04:48,2022-10-24 14:46:48
1,8GC36PWP+AE,2022-10-06 11:31:30,2022-10-06 13:30:30,2022-10-06 10:57:30
2,8GC36PWP+AF,2022-10-16 20:14:12,2022-10-16 22:08:12,2022-10-15 19:58:12
3,8GC36PWP+AG,2022-10-01 23:22:30,2022-10-02 00:17:30,2022-09-29 22:56:30
4,8GC36PWP+AH,2022-11-03 05:33:02,2022-11-03 06:41:02,2022-11-03 05:11:02
5,8GC36PWP+AI,2022-10-25 14:54:16,2022-10-25 15:58:16,2022-10-24 14:25:16
6,8GC36PWP+AJ,2022-12-23 20:37:33,2022-12-23 22:25:33,2022-12-23 20:02:33
7,8GC36P4G+AA,2022-12-11 23:40:36,2022-12-12 00:39:36,2022-12-09 23:24:36
8,8GC36P4G+AB,2022-11-12 23:01:33,2022-11-13 00:43:33,2022-11-09 22:39:33
9,8GC36P4G+AC,2022-12-05 03:09:25,2022-12-05 04:10:25,2022-12-03 02:41:25
10,8GC36P4G+AD,2022-11-09 23:40:47,2022-11-10 00:50:47,2022-11-08 23:17:47
0,8GC36P4G+AE,2022-11-09 04:53:31,2022-11-09 06:41:31,2022-11-09 04:33:31
1,8GC36P4G+AF,2022-12-11 23:31:50,2022-12-12 00:29:50,2022-12-10 23:04:50
2,8GC36P4G+AG,2022-10-09 12:38:45,2022-10-09 13:30:45,2022-10-07 12:24:45
3,8GC36P4G+AH,2022-11-19 08:08:17,2022-11-19 08:53:17,2022-11-18 07:41:17
4,8GC36P4G+AI,2022-11-01 00:53:47,2022-11-01 01:24:47,2022-10-31 00:21:47
5,8GC36P4G+AJ,2022-12-21 04:17:49,2022-12-21 05:15:49,2022-12-19 04:01:49
6,8GC32Q3R+AA,2022-11-28 01:25:35,2022-11-28 02:10:35,2022-11-25 01:05:35
7,8GC32Q3R+AB,2022-11-09 17:00:17,2022-11-09 17:54:17,2022-11-08 16:50:17
8,8GC32Q3R+AC,2022-10-14 05:02:45,2022-10-14 07:02:45,2022-10-14 04:43:45
9,8GC32Q3R+AD,2022-10-10 14:43:19,2022-10-10 15:37:19,2022-10-07 14:32:19
10,8GC32Q3R+AE,2022-11-10 10:29:59,2022-11-10 11:44:59,2022-11-09 10:11:59
0,8GC32Q3R+AF,2022-11-19 14:36:14,2022-11-19 15:36:14,2022-11-16 14:00:14
1,8GC32Q3R+AG,2022-10-04 15:40:08,2022-10-04 17:29:08,2022-10-01 15:24:08
2,8GC32Q3R+AH,2022-10-03 05:34:47,2022-10-03 06:29:47,2022-09-30 05:23:47
3,8GC32Q3R+AI,2022-11-14 01:07:46,2022-11-14 02:48:46,2022-11-12 00:37:46
4,8GC32Q3R+AJ,2022-11-14 00:12:37,2022-11-14 01:45:37,2022-11-12 00:02:37
5,8GC42GFM+AA,2022-10-11 06:52:58,2022-10-11 08:11:58,2022-10-08 06:34:58
6,8GC42GFM+AB,2022-10-09 04:54:50,2022-10-09 06:17:50,2022-10-07 04:22:50
7,8GC42GFM+AC,2022-10-24 04:00:05,2022-10-24 04:52:05,2022-10-24 03:46:05
8,8GC42GFM+AD,2022-12-18 20:23:14,2022-12-18 21:32:14,2022-12-15 19:54:14
9,8GC42GFM+AE,2022-11-11 06:38:49,2022-11-11 07:08:49,2022-11-08 06:04:49
10,8GC42GFM+AF,2022-11-07 16:08:33,2022-11-07 16:45:33,2022-11-04 15:28:33
0,8GC42GFM+AG,2022-11-20 14:19:57,2022-11-20 16:03:57,2022-11-17 14:03:57
1,8GC42GFM+AH,2022-12-12 16:17:14,2022-12-12 17:16:14,2022-12-10 15:59:14
2,8GC42GFM+AI,2022-12-03 15:26:01,2022-12-03 17:10:01,2022-12-03 15:11:01
3,8GC42GFM+AJ,2022-10-08 08:44:50,2022-10-08 10:44:50,2022-10-06 08:23:50
4,8G93QM2G+AA,2022-10-19 12:39:26,2022-10-19 14:38:26,2022-10-16 12:20:26
5,8G93QM2G+AB,2022-10-17 19:04:22,2022-10-17 19:47:22,2022-10-16 18:47:22
6,8G93QM2G+AC,2022-11-20 21:49:09,2022-11-20 22:54:09,2022-11-18 21:12:09
7,8G93QM2G+AD,2022-11-27 10:55:12,2022-11-27 12:43:12,2022-11-25 10:23:12
8,8G93QM2G+AE,2022-11-14 13:09:46,2022-11-14 14:52:46,2022-11-14 12:45:46
9,8G93QM2G+AF,2022-11-28 09:13:12,2022-11-28 10:50:12,2022-11-27 08:36:12
10,8G93QM2G+AG,2022-10-29 14:07:13,2022-10-29 15:39:13,2022-10-29 13:47:13
0,8G93QM2G+AH,2022-11-13 20:00:25,2022-11-13 20:44:25,2022-11-12 19:33:25
1,8G93QM2G+AI,2022-12-13 16:44:04,2022-12-13 17:50:04,2022-12-12 16:08:04
2,8G93QM2G+AJ,2022-11-02 16:35:57,2022-11-02 18:31:57,2022-10-31 16:24:57
3,8G94PC3H+AA,2022-11-07 12:34:18,2022-11-07 13:35:18,2022-11-05 12:09:18
4,8G94PC3H+AB,2022-10-26 17:45:49,2022-10-26 18:24:49,2022-10-24 17:09:49
5,8G94PC3H+AC,2022-12-16 17:43:25,2022-12-16 19:30:25,2022-12-15 17:28:25
6,8G94PC3H+AD,2022-12-11 14:38:17,2022-12-11 15:57:17,2022-12-08 14:13:17
7,8G94PC3H+AE,2022-10-26 01:06:29,2022-10-26 01:37:29,2022-10-23 00:50:29
8,8G94PC3H+AF,2022-11-13 18:35:22,2022-11-13 19:34:22,2022-11-12 18:20:22
9,8G94PC3H+AG,2022-11-15 19:26:16,2022-11-15 21:16:16,2022-11-15 18:51:16
10,8G94PC3H+AH,2022-11-17 04:26:55,2022-11-17 06:00:55,2022-11-14 03:48:55
0,8G94PC3H+AI,2022-10-18 12:15:11,2022-10-18 14:02:11,2022-10-16 11:58:11
1,8G94PC3H+AJ,2022-12-09 06:24:27,2022-12-09 08:11:27,2022-12-06 05:55:27
2,8G94H2XQ+AA,2022-10-10 03:16:37,2022-10-10 04:10:37,2022-10-08 02:47:37
3,8G94H2XQ+AB,2022-10-13 03:35:05,2022-10-13 04:58:05,2022-10-12 03:07:05
4,8G94H2XQ+AC,2022-11-19 20:32:50,2022-11-19 21:33:50,2022-11-19 20:04:50
5,8G94H2XQ+AD,2022-11-03 05:47:21,2022-11-03 06:18:21,2022-11-02 05:35:21
6,8G94H2XQ+AE,2022-10-05 19:00:31,2022-10-05 20:42:31,2022-10-02 18:32:31
7,8G94H2XQ+AF,2022-11-15 21:46:34,2022-11-15 22:49:34,2022-11-14 21:13:34
8,8G94H2XQ+AG,2022-12-04 05:53:45,2022-12-04 07:50:45,2022-12-02 05:16:45
9,8G94H2XQ+AH,2022-11-18 14:32:49,2022-11-18 16:19:49,2022-11-15 14:12:49
10,8G94H2XQ+AI,2022-12-17 09:28:51,2022-12-17 11:16:51,2022-12-14 09:00:51
0,8G94H2XQ+AJ,2022-10-24 11:28:51,2022-10-24 13:14:51,2022-10-24 10:52:51
1,8G95Q246+AA,2022-11-28 04:54:14,2022-11-28 06:50:14,2022-11-28 04:25:14
2,8G95Q246+AB,2022-12-19 22:17:34,2022-12-19 22:50:34,2022-12-16 21:37:34
3,8G95Q246+AC,2022-12-11 22:52:47,2022-12-11 23:29:47,2022-12-11 22:14:47
4,8G95Q246+AD,2022-12-14 22:13:17,2022-12-14 23:50:17,2022-12-12 21:35:17
5,8G95Q246+AE,2022-12-26 21:19:43,2022-12-26 23:14:43,2022-12-25 20:39:43
6,8G95Q246+AF,2022-12-07 10:02:46,2022-12-07 10:37:46,2022-12-05 09:27:46
7,8G95Q246+AG,2022-11-30 12:46:20,2022-11-30 14:03:20,2022-11-29 12:11:20
8,8G95Q246+AH,2022-11-24 07:08:38,2022-11-24 08:17:38,2022-11-21 06:40:38
9,8G95Q246+AI,2022-12-17 06:19:06,2022-12-17 07:24:06,2022-12-17 05:49:06
10,8G95Q246+AJ,2022-12-23 06:49:59,2022-12-23 08:21:59,2022-12-20 06:27:59
0,8GC37QPP+AA,2022-12-25 20:13:00,2022-12-25 21:32:00,2022-12-22 19:42:00
1,8GC37QPP+AB,2022-12-02 11:39:42,2022-12-02 12:15:42,2022-12-01 11:29:42
2,8GC37QPP+AC,2022-12-03 07:34:50,2022-12-03 09:09:50,2022-11-30 06:55:50
3,8GC37QPP+AD,2022-10-15 17:04:02,2022-10-15 18:09:02,2022-10-12 16:32:02
4,8GC37QPP+AE,2022-11-20 04:26:22,2022-11-20 05:43:22,2022-11-18 04:07:22
5,8GC37QPP+AF,2022-10-31 05:47:34,2022-10-31 07:35:34,2022-10-30 05:25:34
6,8GC37QPP+AG,2022-10-12 19:23:19,2022-10-12 20:23:19,2022-10-10 19:04:19
7,8GC37QPP+AH,2022-12-17 00:54:53,2022-12-17 02:28:53,2022-12-15 00:37:53
8,8GC37QPP+AI,2022-12-27 12:31:54,2022-12-27 13:16:54,2022-12-27 12:14:54
9,8GC37QPP+AJ,2022-11-28 18:53:21,2022-11-28 20:41:21,2022-11-26 18:33:21
